# The 183 airports of air30k (Rosvall et al. 2014): BTS IATA code, name as in air30k.net
ABE	Allentown/Bethlehem/Easton,PA:LehighValleyInternational
ABQ	Albuquerque,NM:AlbuquerqueInternationalSunport
ACY	AtlanticCity,NJ:AtlanticCityInternational
AGS	Augusta,GA:AugustaRegionalatBushField
ALB	Albany,NY:AlbanyInternational
AMA	Amarillo,TX:RickHusbandAmarilloInternational
ANC	Anchorage,AK:TedStevensAnchorageInternational
ASE	Aspen,CO:AspenPitkinCountySardyField
ATL	Atlanta,GA:Hartsfield-JacksonAtlantaInternational
ATW	Appleton,WI:OutagamieCountyRegional
AUS	Austin,TX:Austin-BergstromInternational
AVL	Asheville,NC:AshevilleRegional
AVP	Scranton/Wilkes-Barre,PA:WilkesBarreScrantonInternational
AZA	Phoenix,AZ:Phoenix-MesaGateway
BDL	Hartford,CT:BradleyInternational
BGR	Bangor,ME:BangorInternational
BHM	Birmingham,AL:Birmingham-ShuttlesworthInternational
BIL	Billings,MT:BillingsLoganInternational
BIS	Bismarck/Mandan,ND:BismarckMunicipal
BLI	Bellingham,WA:BellinghamInternational
BMI	Bloomington/Normal,IL:CentralIllinoisRegional
BNA	Nashville,TN:NashvilleInternational
BOI	Boise,ID:BoiseAirTerminal
BOS	Boston,MA:LoganInternational
BTR	BatonRouge,LA:BatonRougeMetropolitan/RyanField
BTV	Burlington,VT:BurlingtonInternational
BUF	Buffalo,NY:BuffaloNiagaraInternational
BUR	Burbank,CA:BobHope
BWI	Baltimore,MD:Baltimore/WashingtonInternationalThurgoodMarshall
BZN	Bozeman,MT:GallatinField
CAE	Columbia,SC:ColumbiaMetropolitan
CAK	Akron,OH:Akron-CantonRegional
CHA	Chattanooga,TN:LovellField
CHO	Charlottesville,VA:CharlottesvilleAlbemarle
CHS	Charleston,SC:CharlestonAFB/International
CID	CedarRapids/IowaCity,IA:TheEasternIowa
CLE	Cleveland,OH:Cleveland-HopkinsInternational
CLT	Charlotte,NC:CharlotteDouglasInternational
CMH	Columbus,OH:PortColumbusInternational
COS	ColoradoSprings,CO:CityofColoradoSpringsMunicipal
CRP	CorpusChristi,TX:CorpusChristiInternational
CRW	Charleston/Dunbar,WV:Yeager
CVG	Cincinnati,OH:Cincinnati/NorthernKentuckyInternational
DAB	DaytonaBeach,FL:DaytonaBeachInternational
DAL	Dallas,TX:DallasLoveField
DAY	Dayton,OH:JamesMCox/DaytonInternational
DCA	Washington,DC:RonaldReaganWashingtonNational
DEN	Denver,CO:DenverInternational
DFW	Dallas/FortWorth,TX:Dallas/FortWorthInternational
DRO	Durango,CO:DurangoLaPlataCounty
DSM	DesMoines,IA:DesMoinesInternational
DTW	Detroit,MI:DetroitMetroWayneCounty
ECP	PanamaCity,FL:NorthwestFloridaBeachesInternational
EGE	Eagle,CO:EagleCountyRegional
ELP	ElPaso,TX:ElPasoInternational
EUG	Eugene,OR:MahlonSweetField
EWR	Newark,NJ:NewarkLibertyInternational
EYW	KeyWest,FL:KeyWestInternational
FAI	Fairbanks,AK:FairbanksInternational
FAR	Fargo,ND:HectorInternational
FAT	Fresno,CA:FresnoYosemiteInternational
FAY	Fayetteville,NC:FayettevilleRegional/GrannisField
FCA	Kalispell,MT:GlacierParkInternational
FLL	FortLauderdale,FL:FortLauderdale-HollywoodInternational
FNT	Flint,MI:BishopInternational
FSD	SiouxFalls,SD:JoeFossField
FWA	FortWayne,IN:FortWayneInternational
GEG	Spokane,WA:SpokaneInternational
GJT	GrandJunction,CO:GrandJunctionRegional
GNV	Gainesville,FL:GainesvilleRegional
GPT	Gulfport/Biloxi,MS:Gulfport-BiloxiInternational
GRB	GreenBay,WI:AustinStraubelInternational
GRK	Killeen,TX:RobertGrayAAF
GRR	GrandRapids,MI:GeraldR.FordInternational
GSO	Greensboro/HighPoint,NC:PiedmontTriadInternational
GSP	Greer,SC:Greenville-SpartanburgInternational
HNL	Honolulu,HI:HonoluluInternational
HOU	Houston,TX:WilliamPHobby
HPN	WhitePlains,NY:WestchesterCounty
HRL	Harlingen/SanBenito,TX:ValleyInternational
HSV	Huntsville,AL:HuntsvilleInternational-CarlTJonesField
IAD	Washington,DC:WashingtonDullesInternational
IAH	Houston,TX:GeorgeBushIntercontinental/Houston
ICT	Wichita,KS:WichitaMid-Continent
ILM	Wilmington,NC:WilmingtonInternational
IND	Indianapolis,IN:IndianapolisInternational
ISP	Islip,NY:LongIslandMacArthur
ITO	Hilo,HI:HiloInternational
JAC	Jackson,WY:JacksonHole
JAN	Jackson/Vicksburg,MS:Jackson-EversInternational
JAX	Jacksonville,FL:JacksonvilleInternational
JFK	NewYork,NY:JohnF.KennedyInternational
JNU	Juneau,AK:JuneauInternational
KOA	Kona,HI:KonaInternationalAirportatKeahole
LAS	LasVegas,NV:McCarranInternational
LAX	LosAngeles,CA:LosAngelesInternational
LBB	Lubbock,TX:LubbockPrestonSmithInternational
LEX	Lexington,KY:BlueGrass
LFT	Lafayette,LA:LafayetteRegional
LGA	NewYork,NY:LaGuardia
LGB	LongBeach,CA:LongBeachAirport
LIH	Lihue,HI:LihueAirport
LIT	LittleRock,AR:AdamsField
MAF	Midland/Odessa,TX:MidlandInternational
MCI	KansasCity,MO:KansasCityInternational
MCO	Orlando,FL:OrlandoInternational
MDT	Harrisburg,PA:HarrisburgInternational
MDW	Chicago,IL:ChicagoMidwayInternational
MEM	Memphis,TN:MemphisInternational
MFE	Mission/McAllen/Edinburg,TX:McAllenMillerInternational
MFR	Medford,OR:RogueValleyInternational-Medford
MGM	Montgomery,AL:MontgomeryRegional
MHT	Manchester,NH:Manchester-BostonRegional
MIA	Miami,FL:MiamiInternational
MKE	Milwaukee,WI:GeneralMitchellInternational
MLB	Melbourne,FL:MelbourneInternational
MLI	Moline,IL:QuadCityInternational
MOB	Mobile,AL:MobileRegional
MRY	Monterey,CA:MontereyPeninsula
MSN	Madison,WI:DaneCountyRegional-TruaxField
MSO	Missoula,MT:MissoulaInternational
MSP	Minneapolis,MN:Minneapolis-StPaulInternational
MSY	NewOrleans,LA:LouisArmstrongNewOrleansInternational
MYR	MyrtleBeach,SC:MyrtleBeachInternational
OAJ	Jacksonville/CampLejeune,NC:AlbertJEllis
OAK	Oakland,CA:MetropolitanOaklandInternational
OGG	Kahului,HI:KahuluiAirport
OKC	OklahomaCity,OK:WillRogersWorld
OMA	Omaha,NE:EppleyAirfield
ONT	Ontario,CA:OntarioInternational
ORD	Chicago,IL:ChicagoO'HareInternational
ORF	Norfolk,VA:NorfolkInternational
PBI	WestPalmBeach/PalmBeach,FL:PalmBeachInternational
PDX	Portland,OR:PortlandInternational
PHF	NewportNews/Williamsburg,VA:NewportNews/WilliamsburgInternational
PHL	Philadelphia,PA:PhiladelphiaInternational
PHX	Phoenix,AZ:PhoenixSkyHarborInternational
PIA	Peoria,IL:GeneralDowning-PeoriaInternational
PIE	St.Petersburg,FL:St.Petersburg-ClearwaterInternational
PIT	Pittsburgh,PA:PittsburghInternational
PNS	Pensacola,FL:PensacolaGulfCoastRegional
PSC	Pasco/Kennewick/Richland,WA:TriCities
PSP	PalmSprings,CA:PalmSpringsInternational
PVD	Providence,RI:TheodoreFrancisGreenState
PWM	Portland,ME:PortlandInternationalJetport
RAP	RapidCity,SD:RapidCityRegional
RDM	Bend/Redmond,OR:RobertsField
RDU	Raleigh/Durham,NC:Raleigh-DurhamInternational
RIC	Richmond,VA:RichmondInternational
RNO	Reno,NV:Reno/TahoeInternational
ROA	Roanoke,VA:RoanokeRegional/WoodrumField
ROC	Rochester,NY:GreaterRochesterInternational
RSW	FortMyers,FL:SouthwestFloridaInternational
SAN	SanDiego,CA:SanDiegoInternational
SAT	SanAntonio,TX:SanAntonioInternational
SAV	Savannah,GA:Savannah/HiltonHeadInternational
SBA	SantaBarbara,CA:SantaBarbaraMunicipal
SBN	SouthBend,IN:SouthBendRegional
SDF	Louisville,KY:LouisvilleInternational-StandifordField
SEA	Seattle,WA:Seattle/TacomaInternational
SFB	Sanford,FL:OrlandoSanfordInternational
SFO	SanFrancisco,CA:SanFranciscoInternational
SGF	Springfield,MO:Springfield-BransonNational
SHV	Shreveport,LA:ShreveportRegional
SJC	SanJose,CA:NormanY.MinetaSanJoseInternational
SJU	SanJuan,PR:LuisMunozMarinInternational
SLC	SaltLakeCity,UT:SaltLakeCityInternational
SMF	Sacramento,CA:SacramentoInternational
SNA	SantaAna,CA:JohnWayneAirport-OrangeCounty
SRQ	Sarasota/Bradenton,FL:Sarasota/BradentonInternational
STL	St.Louis,MO:Lambert-St.LouisInternational
STT	CharlotteAmalie,VI:CyrilEKing
SWF	Newburgh/Poughkeepsie,NY:StewartInternational
SYR	Syracuse,NY:SyracuseHancockInternational
TLH	Tallahassee,FL:TallahasseeRegional
TPA	Tampa,FL:TampaInternational
TRI	Bristol/JohnsonCity/Kingsport,TN:Tri-CitiesRegionalTN/VA
TUL	Tulsa,OK:TulsaInternational
TUS	Tucson,AZ:TucsonInternational
TVC	TraverseCity,MI:CherryCapital
TYS	Knoxville,TN:McGheeTyson
VPS	Valparaiso,FL:NorthwestFloridaRegional
XNA	Fayetteville,AR:NorthwestArkansasRegional
