C1	jazz	old	1	-C -N1	6.899367957	0.001226458	74815908	11	2
C1	jazz	new	1	-C -N1	6.896294162	0.000958084	70398465	10	2
C1	powergrid	old	1	-C -N1	4.730850312	0.026073209	363801841	12	5
C1	powergrid	new	1	-C -N1	4.729861209	0.025490959	361002560	17	5
C1	web-NotreDame	old	1	-C -N1 -d	5.556421705	2.4167875	24399552564	5	6
C1	web-NotreDame	new	1	-C -N1 -d	6.218856777	2.538373167	25075469772	399	5
C1	malaria	old	1	-C -N1	7.491980364	0.389947	5304184022	148	3
C1	malaria	new	1	-C -N1	7.491980364	0.3865335	5301384870	148	3
C1	air30k	old	1	-C -N1	5.470440768	0.409461125	4549308662	242	3
C1	air30k	new	1	-C -N1	5.456991462	0.415516958	4700225395	203	3
C1	air30k (reg.)	old	1	-C -N1 -d --regularized	5.657913279	0.489266916	5874675944	197	3
C1	air30k (reg.)	new	1	-C -N1 -d --regularized	5.666386425	0.467596834	5645541623	203	3
C1	air30k (meta)	old	1	-C -N1 --meta-data networks/states/air2011/air30k_usstate.meta	7.546335898	0.942796166	9251138640	1614	3
C1	air30k (meta)	new	1	-C -N1 --meta-data networks/columnar-benchmark/air30k_usstate.meta	7.662468548	0.791572208	7677894711	1680	3
C1	overlapping om2 `-2d`	old	1	-C -2d -N1	6.739607071	1.407999875	14063181804	669	2
C1	overlapping om2 `-2d`	new	1	-C -2d -N1	6.744558723	1.247940708	13016936236	606	2
C1	overlapping om2 `-d`	old	1	-C -d -N1	7.29196634	0.416218083	3708636408	321	4
C1	overlapping om2 `-d`	new	1	-C -d -N1	7.295306496	0.363548625	3706040649	268	4
C1	overlapping om2 `-2d -c` planted	old	1	-C -2d -N1 -c networks/debug/Jelena/planted_partition_N256_om2_nc64_E50000_mu10_sample1.clu	6.744721993	0.560336208	6214025600	476	2
C1	overlapping om2 `-2d -c` planted	new	1	-C -2d -N1 -c networks/columnar-benchmark/om/overlapping-memory-n256-om2-nc64-E50000-mu0.1-seed1.clu	6.734990605	0.573336792	6329167780	454	2
FAM	om2 `-2d --regularized -N1`	old	1	-C -2d --regularized -N1	7.548863183	0.758456083	7218922454	121	2
FAM	om2 `-2d --regularized -N1`	new	1	-C -2d --regularized -N1	7.930395953	0.331064125	3130410586	107	2
FAM	om2 `-d --regularized -N1`	old	1	-C -d --regularized -N1	7.548863183	0.873199083	8538393670	121	2
FAM	om2 `-d --regularized -N1`	new	1	-C -d --regularized -N1	7.930395953	0.476016166	4439529956	107	2
FAM	om2 planted, `-2d --no-infomap -c`	old	1	-C -2d -N1 --no-infomap -c networks/debug/Jelena/planted_partition_N256_om2_nc64_E50000_mu10_sample1.clu	6.789039995	0.054900458	587866425	8	2
FAM	om2 planted, `-2d --no-infomap -c`	new	1	-C -2d -N1 --no-infomap -c networks/columnar-benchmark/om/overlapping-memory-n256-om2-nc64-E50000-mu0.1-seed1.clu	6.778901842	0.048664375	588248801	8	2
F1	overlapping om2 `-d`	old	1	-C -F -d -N1	7.321678354	0.272163833	2573831862	436	4
F1	overlapping om2 `-d`	new	1	-C -F -d -N1	7.317528373	0.266380542	2568574234	338	4
C1	overlapping om3 `-2d`	old	1	-C -2d -N1	6.823562921	1.224316333	12939488326	70	2
C1	overlapping om3 `-2d`	new	1	-C -2d -N1	6.823562921	1.205058959	12940915878	70	2
C1	overlapping om3 `-d`	old	1	-C -d -N1	6.823562921	1.627329917	17023419560	70	2
C1	overlapping om3 `-d`	new	1	-C -d -N1	6.823562921	1.508247584	17007838516	70	2
C1	overlapping om3 `-2d -c` planted	old	1	-C -2d -N1 -c networks/debug/Jelena/planted_partition_N256_om3_nc64_E100000_mu10_sample1.clu	6.820929855	0.421486625	4274503583	50	2
C1	overlapping om3 `-2d -c` planted	new	1	-C -2d -N1 -c networks/columnar-benchmark/om/overlapping-memory-n256-om3-nc64-E100000-mu0.1-seed1.clu	6.820929855	0.438385	4276346939	50	2
FAM	om3 `-2d --regularized -N1`	old	1	-C -2d --regularized -N1	7.261268486	0.917743958	9213545082	34	2
FAM	om3 `-2d --regularized -N1`	new	1	-C -2d --regularized -N1	7.261268486	0.914030417	9212011255	34	2
FAM	om3 `-d --regularized -N1`	old	1	-C -d --regularized -N1	7.261268486	1.169317125	11972276382	34	2
FAM	om3 `-d --regularized -N1`	new	1	-C -d --regularized -N1	7.261268486	1.167652334	11974676863	34	2
FAM	om3 planted, `-2d --no-infomap -c`	old	1	-C -2d -N1 --no-infomap -c networks/debug/Jelena/planted_partition_N256_om3_nc64_E100000_mu10_sample1.clu	6.837980937	0.099463458	929658024	12	2
FAM	om3 planted, `-2d --no-infomap -c`	new	1	-C -2d -N1 --no-infomap -c networks/columnar-benchmark/om/overlapping-memory-n256-om3-nc64-E100000-mu0.1-seed1.clu	6.837980937	0.087594584	926641581	12	2
F1	overlapping om3 `-d`	old	1	-C -F -d -N1	6.823562921	1.507075083	16558575349	70	2
F1	overlapping om3 `-d`	new	1	-C -F -d -N1	6.823562921	1.516261833	16561058660	70	2
C1	overlapping om4 `-2d`	old	1	-C -2d -N1	6.861732911	1.615043542	15742223173	139	2
C1	overlapping om4 `-2d`	new	1	-C -2d -N1	6.858825005	1.346694041	13459627776	179	2
C1	overlapping om4 `-d`	old	1	-C -d -N1	6.861732911	2.047701833	20738338849	139	2
C1	overlapping om4 `-d`	new	1	-C -d -N1	6.858825005	1.799857	18762023216	179	2
C1	overlapping om4 `-2d -c` planted	old	1	-C -2d -N1 -c networks/debug/Jelena/planted_partition_N256_om4_nc64_E100000_mu10_sample1.clu	6.856285862	0.707807958	7354646995	129	2
C1	overlapping om4 `-2d -c` planted	new	1	-C -2d -N1 -c networks/columnar-benchmark/om/overlapping-memory-n256-om4-nc64-E100000-mu0.1-seed1.clu	6.850471471	0.941227583	9547797389	126	2
FAM	om4 `-2d --regularized -N1`	old	1	-C -2d --regularized -N1	7.556894677	0.967136625	9068401874	79	2
FAM	om4 `-2d --regularized -N1`	new	1	-C -2d --regularized -N1	7.535458803	1.077761792	10173664812	71	2
FAM	om4 `-d --regularized -N1`	old	1	-C -d --regularized -N1	7.556894677	1.217837125	11725348611	79	2
FAM	om4 `-d --regularized -N1`	new	1	-C -d --regularized -N1	7.535458803	1.351151542	12860887157	71	2
FAM	om4 planted, `-2d --no-infomap -c`	old	1	-C -2d -N1 --no-infomap -c networks/debug/Jelena/planted_partition_N256_om4_nc64_E100000_mu10_sample1.clu	6.880650147	0.110325542	1008966624	16	2
FAM	om4 planted, `-2d --no-infomap -c`	new	1	-C -2d -N1 --no-infomap -c networks/columnar-benchmark/om/overlapping-memory-n256-om4-nc64-E100000-mu0.1-seed1.clu	6.873858104	0.105849584	1011075098	16	2
F1	overlapping om4 `-d`	old	1	-C -F -d -N1	6.861732911	1.738587584	18431741451	139	2
F1	overlapping om4 `-d`	new	1	-C -F -d -N1	6.858825005	1.608083708	16307030517	179	2
C1	overlapping om5 `-2d`	old	1	-C -2d -N1	6.868180827	1.698135	17236353243	291	2
C1	overlapping om5 `-2d`	new	1	-C -2d -N1	6.948978287	1.61544575	15912112091	309	2
C1	overlapping om5 `-d`	old	1	-C -d -N1	7.812252898	0.760280208	7228704353	66	4
C1	overlapping om5 `-d`	new	1	-C -d -N1	7.795491139	0.763480375	7136299042	80	4
C1	overlapping om5 `-2d -c` planted	old	1	-C -2d -N1 -c networks/debug/Jelena/planted_partition_N256_om5_nc64_E100000_mu10_sample1.clu	6.857876353	0.935201833	9472986475	287	2
C1	overlapping om5 `-2d -c` planted	new	1	-C -2d -N1 -c networks/columnar-benchmark/om/overlapping-memory-n256-om5-nc64-E100000-mu0.1-seed1.clu	6.867718448	0.954712833	9844857281	290	2
FAM	om5 `-2d --regularized -N1`	old	1	-C -2d --regularized -N1	7.968629202	0.949823334	7803083139	79	2
FAM	om5 `-2d --regularized -N1`	new	1	-C -2d --regularized -N1	7.974202977	0.706207334	6144012827	93	2
FAM	om5 `-d --regularized -N1`	old	1	-C -d --regularized -N1	7.968629202	1.132377833	10460214597	79	2
FAM	om5 `-d --regularized -N1`	new	1	-C -d --regularized -N1	7.974202977	1.101548459	8822010555	93	2
FAM	om5 planted, `-2d --no-infomap -c`	old	1	-C -2d -N1 --no-infomap -c networks/debug/Jelena/planted_partition_N256_om5_nc64_E100000_mu10_sample1.clu	6.902222527	0.157201667	1083663305	20	2
FAM	om5 planted, `-2d --no-infomap -c`	new	1	-C -2d -N1 --no-infomap -c networks/columnar-benchmark/om/overlapping-memory-n256-om5-nc64-E100000-mu0.1-seed1.clu	6.911031376	0.11884525	1081138493	20	2
F1	overlapping om5 `-d`	old	1	-C -F -d -N1	7.798283664	0.657775042	5754661161	96	4
F1	overlapping om5 `-d`	new	1	-C -F -d -N1	7.829247983	0.572316958	4954757081	93	4
C1	overlapping om6 `-2d`	old	1	-C -2d -N1	6.884236095	1.689935833	16340794067	453	2
C1	overlapping om6 `-2d`	new	1	-C -2d -N1	6.894797134	1.627649584	15172385108	447	2
C1	overlapping om6 `-d`	old	1	-C -d -N1	7.440161581	0.811169042	7476310757	92	4
C1	overlapping om6 `-d`	new	1	-C -d -N1	7.478431518	0.798768	7289289140	112	4
C1	overlapping om6 `-2d -c` planted	old	1	-C -2d -N1 -c networks/debug/Jelena/planted_partition_N256_om6_nc64_E100000_mu10_sample1.clu	6.873464257	1.140253167	11261942932	444	2
C1	overlapping om6 `-2d -c` planted	new	1	-C -2d -N1 -c networks/columnar-benchmark/om/overlapping-memory-n256-om6-nc64-E100000-mu0.1-seed1.clu	6.87656878	0.992796333	9699465173	430	2
FAM	om6 `-2d --regularized -N1`	old	1	-C -2d --regularized -N1	7.982650944	0.779062458	6050909470	105	2
FAM	om6 `-2d --regularized -N1`	new	1	-C -2d --regularized -N1	7.979716886	0.76577775	6670448007	121	2
FAM	om6 `-d --regularized -N1`	old	1	-C -d --regularized -N1	7.982650944	0.995149708	8687562709	105	2
FAM	om6 `-d --regularized -N1`	new	1	-C -d --regularized -N1	7.979716886	1.052405458	9308517180	121	2
FAM	om6 planted, `-2d --no-infomap -c`	old	1	-C -2d -N1 --no-infomap -c networks/debug/Jelena/planted_partition_N256_om6_nc64_E100000_mu10_sample1.clu	6.930934993	0.130022042	1119123103	24	2
FAM	om6 planted, `-2d --no-infomap -c`	new	1	-C -2d -N1 --no-infomap -c networks/columnar-benchmark/om/overlapping-memory-n256-om6-nc64-E100000-mu0.1-seed1.clu	6.936312189	0.121579708	1112683601	24	2
F1	overlapping om6 `-d`	old	1	-C -F -d -N1	7.507066407	0.692720125	5822554134	87	4
F1	overlapping om6 `-d`	new	1	-C -F -d -N1	7.546115138	0.590816292	4888499354	103	4
C1	overlapping om7 `-2d`	old	1	-C -2d -N1	6.889674586	1.800735792	17231442266	649	2
C1	overlapping om7 `-2d`	new	1	-C -2d -N1	6.889674586	1.873360292	17238195512	649	2
C1	overlapping om7 `-d`	old	1	-C -d -N1	7.192756466	0.807079	7476480424	149	4
C1	overlapping om7 `-d`	new	1	-C -d -N1	7.192756466	0.800144459	7474774793	149	4
C1	overlapping om7 `-2d -c` planted	old	1	-C -2d -N1 -c networks/debug/Jelena/planted_partition_N256_om7_nc64_E100000_mu10_sample1.clu	6.881554086	1.067719334	9582747687	624	2
C1	overlapping om7 `-2d -c` planted	new	1	-C -2d -N1 -c networks/columnar-benchmark/om/overlapping-memory-n256-om7-nc64-E100000-mu0.1-seed1.clu	6.881554086	0.995353625	9577100847	624	2
FAM	om7 `-2d --regularized -N1`	old	1	-C -2d --regularized -N1	7.950842444	0.792253417	6358067179	168	2
FAM	om7 `-2d --regularized -N1`	new	1	-C -2d --regularized -N1	7.950842444	0.747220541	6359880898	168	2
FAM	om7 `-d --regularized -N1`	old	1	-C -d --regularized -N1	7.950842444	1.024573709	9083308106	168	2
FAM	om7 `-d --regularized -N1`	new	1	-C -d --regularized -N1	7.950842444	1.108604042	9088591128	168	2
FAM	om7 planted, `-2d --no-infomap -c`	old	1	-C -2d -N1 --no-infomap -c networks/debug/Jelena/planted_partition_N256_om7_nc64_E100000_mu10_sample1.clu	6.957516072	0.182369166	1269989927	28	2
FAM	om7 planted, `-2d --no-infomap -c`	new	1	-C -2d -N1 --no-infomap -c networks/columnar-benchmark/om/overlapping-memory-n256-om7-nc64-E100000-mu0.1-seed1.clu	6.957516072	0.145675625	1268220133	28	2
F1	overlapping om7 `-d`	old	1	-C -F -d -N1	7.238675817	0.629116541	5183128738	145	4
F1	overlapping om7 `-d`	new	1	-C -F -d -N1	7.238675817	0.640593166	5191039549	145	4
C1	overlapping om8 `-2d`	old	1	-C -2d -N1	6.894258582	1.968197834	17920406809	907	2
C1	overlapping om8 `-2d`	new	1	-C -2d -N1	6.876045079	2.043167708	18623251584	864	2
C1	overlapping om8 `-d`	old	1	-C -d -N1	6.967535764	0.805363541	7454843479	206	4
C1	overlapping om8 `-d`	new	1	-C -d -N1	6.938347922	0.8996745	7790090023	186	4
C1	overlapping om8 `-2d -c` planted	old	1	-C -2d -N1 -c networks/debug/Jelena/planted_partition_N256_om8_nc64_E100000_mu10_sample1.clu	6.875540042	1.2594465	11802070918	885	2
C1	overlapping om8 `-2d -c` planted	new	1	-C -2d -N1 -c networks/columnar-benchmark/om/overlapping-memory-n256-om8-nc64-E100000-mu0.1-seed1.clu	6.863878689	1.289634	12216756718	829	2
FAM	om8 `-2d --regularized -N1`	old	1	-C -2d --regularized -N1	7.983599366	0.788360833	6161959914	216	2
FAM	om8 `-2d --regularized -N1`	new	1	-C -2d --regularized -N1	7.984638887	0.73827575	6146444907	203	2
FAM	om8 `-d --regularized -N1`	old	1	-C -d --regularized -N1	7.983599366	1.168101958	8861809766	216	2
FAM	om8 `-d --regularized -N1`	new	1	-C -d --regularized -N1	7.984638887	0.996563875	8805112367	203	2
FAM	om8 planted, `-2d --no-infomap -c`	old	1	-C -2d -N1 --no-infomap -c networks/debug/Jelena/planted_partition_N256_om8_nc64_E100000_mu10_sample1.clu	6.98103476	0.180669583	1187833339	32	2
FAM	om8 planted, `-2d --no-infomap -c`	new	1	-C -2d -N1 --no-infomap -c networks/columnar-benchmark/om/overlapping-memory-n256-om8-nc64-E100000-mu0.1-seed1.clu	6.966510195	0.137368875	1189264475	32	2
F1	overlapping om8 `-d`	old	1	-C -F -d -N1	7.022972054	0.648361583	5194804758	201	4
F1	overlapping om8 `-d`	new	1	-C -F -d -N1	7.007657776	0.778803459	6068943168	179	4
C1	overlapping om2 E100000 `-d`	old	1	-C -d -N1	7.144517469	0.4401525	4554096699	3	3
C1	overlapping om2 E100000 `-d`	new	1	-C -d -N1	7.144517469	0.42935475	4550925829	3	3
C1	overlapping om3 E50000 `-d`	old	1	-C -d -N1	5.854829799	0.45098675	4354681925	537	4
C1	overlapping om3 E50000 `-d`	new	1	-C -d -N1	5.854829799	0.4628595	4356898682	537	4
FAM	om3 E50000 `-2d --regularized -N1`	old	1	-C -2d --regularized -N1	7.925216272	0.604582458	5319634136	89	2
FAM	om3 E50000 `-2d --regularized -N1`	new	1	-C -2d --regularized -N1	7.925216272	0.592780625	5320088132	89	2
FAM	om3 E50000 `-d --regularized -N1`	old	1	-C -d --regularized -N1	7.925216272	0.740632166	6630358832	89	2
FAM	om3 E50000 `-d --regularized -N1`	new	1	-C -d --regularized -N1	7.925216272	0.775474167	6636998999	89	2
C1	overlapping om4 E50000 `-d`	old	1	-C -d -N1	4.898784516	0.447908292	4175083625	1867	3
C1	overlapping om4 E50000 `-d`	new	1	-C -d -N1	4.898784516	0.442761583	4180294970	1867	3
FAM	om4 E50000 `-2d --regularized -N1`	old	1	-C -2d --regularized -N1	7.92621405	0.764355167	6228961646	110	2
FAM	om4 E50000 `-2d --regularized -N1`	new	1	-C -2d --regularized -N1	7.92621405	0.840882	6237684833	110	2
FAM	om4 E50000 `-d --regularized -N1`	old	1	-C -d --regularized -N1	7.92621405	0.884766792	7559601969	110	2
FAM	om4 E50000 `-d --regularized -N1`	new	1	-C -d --regularized -N1	7.92621405	0.885860333	7563778568	110	2
C1	overlapping om5 E50000 `-d`	old	1	-C -d -N1	4.1554786	0.552166875	5015887440	2156	4
C1	overlapping om5 E50000 `-d`	new	1	-C -d -N1	4.1554786	0.590319958	5018899929	2156	4
FAM	om5 E50000 `-2d --regularized -N1`	old	1	-C -2d --regularized -N1	7.956672505	0.7517125	6311289776	101	2
FAM	om5 E50000 `-2d --regularized -N1`	new	1	-C -2d --regularized -N1	7.956672505	0.772339916	6317361890	101	2
FAM	om5 E50000 `-d --regularized -N1`	old	1	-C -d --regularized -N1	7.956672505	0.922473208	7652418375	101	2
FAM	om5 E50000 `-d --regularized -N1`	new	1	-C -d --regularized -N1	7.956672505	0.871439458	7654241100	101	2
C1	overlapping om6 E50000 `-d`	old	1	-C -d -N1	3.620157111	0.744898542	5964036328	3056	4
C1	overlapping om6 E50000 `-d`	new	1	-C -d -N1	3.620157111	0.776119166	5968467047	3056	4
FAM	om6 E50000 `-2d --regularized -N1`	old	1	-C -2d --regularized -N1	7.944047825	0.678220208	5183758030	94	2
FAM	om6 E50000 `-2d --regularized -N1`	new	1	-C -2d --regularized -N1	7.944047825	0.617121875	5180427989	94	2
FAM	om6 E50000 `-d --regularized -N1`	old	1	-C -d --regularized -N1	7.944047825	0.717533667	5585608349	94	2
FAM	om6 E50000 `-d --regularized -N1`	new	1	-C -d --regularized -N1	7.944047825	0.72108925	5595353028	94	2
C1	overlapping om7 E50000 `-d`	old	1	-C -d -N1	3.21639819	0.639478292	5563147204	3417	5
C1	overlapping om7 E50000 `-d`	new	1	-C -d -N1	3.21639819	0.633765042	5565120879	3417	5
FAM	om7 E50000 `-2d --regularized -N1`	old	1	-C -2d --regularized -N1	7.957532546	0.742542833	5788392070	112	2
FAM	om7 E50000 `-2d --regularized -N1`	new	1	-C -2d --regularized -N1	7.957532546	0.750551292	5796468962	112	2
FAM	om7 E50000 `-d --regularized -N1`	old	1	-C -d --regularized -N1	7.957532546	1.003253667	6206490967	112	2
FAM	om7 E50000 `-d --regularized -N1`	new	1	-C -d --regularized -N1	7.957532546	0.829618458	6197841942	112	2
C1	overlapping om8 E50000 `-d`	old	1	-C -d -N1	2.885785338	0.930356167	8111170382	4371	5
C1	overlapping om8 E50000 `-d`	new	1	-C -d -N1	2.885785338	0.926753875	8130003576	4371	5
FAM	om8 E50000 `-2d --regularized -N1`	old	1	-C -2d --regularized -N1	7.978376075	0.663884542	5185180258	77	2
FAM	om8 E50000 `-2d --regularized -N1`	new	1	-C -2d --regularized -N1	7.978376075	0.639994583	5186580606	77	2
FAM	om8 E50000 `-d --regularized -N1`	old	1	-C -d --regularized -N1	7.978376075	0.748169167	5550203745	77	2
FAM	om8 E50000 `-d --regularized -N1`	new	1	-C -d --regularized -N1	7.978376075	0.679425792	5555958565	77	2
F10	jazz	new	1	-C -F -N10	6.862755928	0.006388083	133529737	6	2
C10	web-NotreDame	old	1	-C -N10 -d	5.556421705	21.198399875	182737242472	5	6
C10	web-NotreDame	new	1	-C -N10 -d	6.174545892	20.579597209	186622890292	505	6
L10	malaria	new	1	-C --non-redundant -N10	7.438064454	2.9627785	33906434756	2	3
C10	air30k (meta)	old	1	-C -N10 --meta-data networks/states/air2011/air30k_usstate.meta	7.421664324	10.115138042	97933883824	2135	3
C10	air30k (meta)	new	1	-C -N10 --meta-data networks/columnar-benchmark/air30k_usstate.meta	7.414540615	9.885318041	92643770544	2238	3
F10	overlapping om2 `-d`	old	1	-C -F -d -N10	6.731808656	3.955401709	40284067033	690	2
F10	overlapping om2 `-d`	new	1	-C -F -d -N10	6.752836583	3.454946291	32534607923	536	2
FAM	om4 `-d --regularized -N10`	old	1	-C -d --regularized -N10	7.556653713	5.357348333	48662050276	78	2
FAM	om4 `-d --regularized -N10`	new	1	-C -d --regularized -N10	7.535170166	5.295158791	46847051247	71	2
FAM	om6 `-2d --regularized -N10`	old	1	-C -2d --regularized -N10	7.982650944	5.105714708	41224943467	105	2
FAM	om6 `-2d --regularized -N10`	new	1	-C -2d --regularized -N10	7.979716886	5.151373	41988377933	121	2
C2_10	overlapping om8 `-2d`	old	1	-C -2d -N10	6.88742315	8.903308875	74487297903	919	2
C2_10	overlapping om8 `-2d`	new	1	-C -2d -N10	6.873356654	8.395855416	72610278816	848	2
FAM	om3 E50000 `-d --regularized -N10`	old	1	-C -d --regularized -N10	7.925216272	2.5952205	22754391085	89	2
FAM	om3 E50000 `-d --regularized -N10`	new	1	-C -d --regularized -N10	7.925216272	2.5314105	22755997384	89	2
C10	overlapping om5 E50000 `-d`	old	1	-C -d -N10	4.150346795	5.869480958	51362469460	2171	4
C10	overlapping om5 E50000 `-d`	new	1	-C -d -N10	4.150346795	5.846149625	51389532005	2171	4
C10	overlapping om8 E50000 `-d`	old	1	-C -d -N10	2.883308449	8.09569625	70015688055	4367	5
C10	overlapping om8 E50000 `-d`	new	1	-C -d -N10	2.883308449	8.08495475	69991160151	4367	5
C2_10	web-NotreDame	old	1	-C -2 -N10 -d	6.754216663	19.254395292	117505603027	11991	2
C2_10	web-NotreDame	new	1	-C -2 -N10 -d	6.889480271	15.717462	95308415151	10362	2
L10	air30k	new	1	-C --non-redundant -N10	5.379735352	3.493233542	38591055920	260	3
FAM	om2 `-2d --regularized -N10`	old	1	-C -2d --regularized -N10	7.548721547	2.639101416	24779225634	126	2
FAM	om2 `-2d --regularized -N10`	new	1	-C -2d --regularized -N10	7.53510563	2.614205958	24585248494	119	2
F10	overlapping om4 `-d`	old	1	-C -F -d -N10	6.866901786	6.009130125	56046171697	173	2
F10	overlapping om4 `-d`	new	1	-C -F -d -N10	6.860084625	5.927214917	56790217001	176	2
FAM	om6 `-d --regularized -N10`	old	1	-C -d --regularized -N10	7.984417755	4.954638666	41336061395	102	2
FAM	om6 `-d --regularized -N10`	new	1	-C -d --regularized -N10	7.981023534	5.050203583	41984879471	118	2
FAM	om8 `-2d --regularized -N10`	old	1	-C -2d --regularized -N10	7.979831947	5.122350458	40733465795	221	2
FAM	om8 `-2d --regularized -N10`	new	1	-C -2d --regularized -N10	7.984638887	5.045597459	40868044297	203	2
C10	overlapping om3 E50000 `-d`	old	1	-C -d -N10	5.851498646	4.8327775	44681871458	617	4
C10	overlapping om3 E50000 `-d`	new	1	-C -d -N10	5.851498646	4.716279917	44676775658	617	4
C2_10	overlapping om5 E50000 `-2d`	old	1	-C -2d -N10	4.903270512	4.402436709	31926256127	5443	2
C2_10	overlapping om5 E50000 `-2d`	new	1	-C -2d -N10	4.903270512	4.346354084	31931821427	5443	2
C2_10	overlapping om8 E50000 `-2d`	old	1	-C -2d -N10	3.859069372	4.472552542	31564900467	7985	2
C2_10	overlapping om8 E50000 `-2d`	new	1	-C -2d -N10	3.859069372	4.519686458	31580787131	7985	2
F10	web-NotreDame	new	1	-C -F -N10 -d	6.263424919	14.494133958	120024898326	661	4
C10	air30k (reg.)	old	1	-C -N10 -d --regularized	5.574537176	3.893327917	40409061523	228	3
C10	air30k (reg.)	new	1	-C -N10 -d --regularized	5.578852599	3.880745667	40841011031	225	3
C10	overlapping om2 `-d`	old	1	-C -d -N10	6.731808656	4.62086925	47520988309	690	2
C10	overlapping om2 `-d`	new	1	-C -d -N10	6.752836583	3.755280667	38457102075	536	2
F10	overlapping om3 `-d`	old	1	-C -F -d -N10	6.822832994	5.229087666	55540454787	69	2
F10	overlapping om3 `-d`	new	1	-C -F -d -N10	6.822832994	5.280321083	55541369678	69	2
FAM	om5 `-d --regularized -N10`	old	1	-C -d --regularized -N10	7.968320007	4.887205334	42614969756	81	2
FAM	om5 `-d --regularized -N10`	new	1	-C -d --regularized -N10	7.973146326	4.73199325	40972114233	98	2
FAM	om7 `-2d --regularized -N10`	old	1	-C -2d --regularized -N10	7.948827768	5.112207375	41202031777	166	2
FAM	om7 `-2d --regularized -N10`	new	1	-C -2d --regularized -N10	7.948827768	5.110079417	41198439026	166	2
FAM	om2 E100000 `-d --regularized -N10`	old	1	-C -d --regularized -N10	6.950176925	3.343893917	33514940571	9	2
FAM	om2 E100000 `-d --regularized -N10`	new	1	-C -d --regularized -N10	6.950176925	3.370468333	33516147078	9	2
C10	overlapping om4 E50000 `-d`	old	1	-C -d -N10	4.873775655	5.469409041	48028756985	1200	4
C10	overlapping om4 E50000 `-d`	new	1	-C -d -N10	4.873775655	5.416203375	48055377994	1200	4
C2_10	overlapping om6 E50000 `-2d`	old	1	-C -2d -N10	4.468778176	4.459566792	32376095907	6379	2
C2_10	overlapping om6 E50000 `-2d`	new	1	-C -2d -N10	4.468778176	4.44915925	32373090214	6379	2
O10	jazz	oo	1	-N10	6.862755928	0.022655667	299626521	6	2
O10	malaria	oo	1	-N10	7.502028585	9.200535334	78092424143	144	3
O10	air30k (meta)	oo	1	-N1 --meta-data networks/columnar-benchmark/air30k_usstate.meta	NA	NA	376473636878199	NA	NA
O2_10	web-NotreDame	oo	1	-2 -N10 -d	6.866831383	45.218357959	237836126640	10136	2
O2_10	air30k (reg.)	oo	1	-2 -N10 -d --regularized	5.571742293	5.887190584	52306218713	303	2
C1	jazz	old	2	-C -N1	6.899367957	0.001500583	72883050	11	2
C1	jazz	new	2	-C -N1	6.896294162	0.000962417	70685536	10	2
C1	powergrid	old	2	-C -N1	4.730850312	0.052068167	364614674	12	5
C1	powergrid	new	2	-C -N1	4.729861209	0.026306708	362495956	17	5
C1	web-NotreDame	old	2	-C -N1 -d	5.556421705	2.4852035	24399515337	5	6
C1	web-NotreDame	new	2	-C -N1 -d	6.218856777	2.633000917	25093610101	399	5
C1	malaria	old	2	-C -N1	7.491980364	0.400735834	5303815165	148	3
C1	malaria	new	2	-C -N1	7.491980364	0.370952916	5301250186	148	3
C1	air30k	old	2	-C -N1	5.470440768	0.384816042	4551996165	242	3
C1	air30k	new	2	-C -N1	5.456991462	0.411827333	4704511068	203	3
C1	air30k (reg.)	old	2	-C -N1 -d --regularized	5.657913279	0.496116458	5872006623	197	3
C1	air30k (reg.)	new	2	-C -N1 -d --regularized	5.666386425	0.472900125	5645238971	203	3
C1	air30k (meta)	old	2	-C -N1 --meta-data networks/states/air2011/air30k_usstate.meta	7.546335898	1.050225333	9257571706	1614	3
C1	air30k (meta)	new	2	-C -N1 --meta-data networks/columnar-benchmark/air30k_usstate.meta	7.662468548	0.80637	7679401851	1680	3
C1	overlapping om2 `-2d`	old	2	-C -2d -N1	6.739607071	1.487974042	14079269331	669	2
C1	overlapping om2 `-2d`	new	2	-C -2d -N1	6.744558723	1.287287459	13025021251	606	2
C1	overlapping om2 `-d`	old	2	-C -d -N1	7.29196634	0.5137545	3710847971	321	4
C1	overlapping om2 `-d`	new	2	-C -d -N1	7.295306496	0.383327834	3713971163	268	4
C1	overlapping om2 `-2d -c` planted	old	2	-C -2d -N1 -c networks/debug/Jelena/planted_partition_N256_om2_nc64_E50000_mu10_sample1.clu	6.744721993	0.65050525	6221420356	476	2
C1	overlapping om2 `-2d -c` planted	new	2	-C -2d -N1 -c networks/columnar-benchmark/om/overlapping-memory-n256-om2-nc64-E50000-mu0.1-seed1.clu	6.734990605	0.626363917	6338488890	454	2
FAM	om2 `-2d --regularized -N1`	old	2	-C -2d --regularized -N1	7.548863183	0.745749083	7225474532	121	2
FAM	om2 `-2d --regularized -N1`	new	2	-C -2d --regularized -N1	7.930395953	0.342148583	3131164442	107	2
FAM	om2 `-d --regularized -N1`	old	2	-C -d --regularized -N1	7.548863183	0.952752083	8546777392	121	2
FAM	om2 `-d --regularized -N1`	new	2	-C -d --regularized -N1	7.930395953	0.491750584	4443623033	107	2
FAM	om2 planted, `-2d --no-infomap -c`	old	2	-C -2d -N1 --no-infomap -c networks/debug/Jelena/planted_partition_N256_om2_nc64_E50000_mu10_sample1.clu	6.789039995	0.058984875	588882652	8	2
FAM	om2 planted, `-2d --no-infomap -c`	new	2	-C -2d -N1 --no-infomap -c networks/columnar-benchmark/om/overlapping-memory-n256-om2-nc64-E50000-mu0.1-seed1.clu	6.778901842	0.053097625	587801024	8	2
F1	overlapping om2 `-d`	old	2	-C -F -d -N1	7.321678354	0.273218667	2573831974	436	4
F1	overlapping om2 `-d`	new	2	-C -F -d -N1	7.317528373	0.287765625	2569544412	338	4
C1	overlapping om3 `-2d`	old	2	-C -2d -N1	6.823562921	1.262398292	12945697307	70	2
C1	overlapping om3 `-2d`	new	2	-C -2d -N1	6.823562921	1.231083083	12943000206	70	2
C1	overlapping om3 `-d`	old	2	-C -d -N1	6.823562921	1.618864541	17016986546	70	2
C1	overlapping om3 `-d`	new	2	-C -d -N1	6.823562921	1.522032375	17013505667	70	2
C1	overlapping om3 `-2d -c` planted	old	2	-C -2d -N1 -c networks/debug/Jelena/planted_partition_N256_om3_nc64_E100000_mu10_sample1.clu	6.820929855	0.422746042	4276663834	50	2
C1	overlapping om3 `-2d -c` planted	new	2	-C -2d -N1 -c networks/columnar-benchmark/om/overlapping-memory-n256-om3-nc64-E100000-mu0.1-seed1.clu	6.820929855	0.402804541	4276016766	50	2
FAM	om3 `-2d --regularized -N1`	old	2	-C -2d --regularized -N1	7.261268486	0.950574541	9216556326	34	2
FAM	om3 `-2d --regularized -N1`	new	2	-C -2d --regularized -N1	7.261268486	0.932797292	9213537740	34	2
FAM	om3 `-d --regularized -N1`	old	2	-C -d --regularized -N1	7.261268486	1.261712583	11979064353	34	2
FAM	om3 `-d --regularized -N1`	new	2	-C -d --regularized -N1	7.261268486	1.188056125	11974175391	34	2
FAM	om3 planted, `-2d --no-infomap -c`	old	2	-C -2d -N1 --no-infomap -c networks/debug/Jelena/planted_partition_N256_om3_nc64_E100000_mu10_sample1.clu	6.837980937	0.101914875	927926167	12	2
FAM	om3 planted, `-2d --no-infomap -c`	new	2	-C -2d -N1 --no-infomap -c networks/columnar-benchmark/om/overlapping-memory-n256-om3-nc64-E100000-mu0.1-seed1.clu	6.837980937	0.091321125	927029557	12	2
F1	overlapping om3 `-d`	old	2	-C -F -d -N1	6.823562921	1.54129	16560821575	70	2
F1	overlapping om3 `-d`	new	2	-C -F -d -N1	6.823562921	1.510842833	16561250476	70	2
C1	overlapping om4 `-2d`	old	2	-C -2d -N1	6.861732911	1.743057833	15757320515	139	2
C1	overlapping om4 `-2d`	new	2	-C -2d -N1	6.858825005	1.466314791	13461848858	179	2
C1	overlapping om4 `-d`	old	2	-C -d -N1	6.861732911	2.204673666	20736324590	139	2
C1	overlapping om4 `-d`	new	2	-C -d -N1	6.858825005	1.968115959	18760965138	179	2
C1	overlapping om4 `-2d -c` planted	old	2	-C -2d -N1 -c networks/debug/Jelena/planted_partition_N256_om4_nc64_E100000_mu10_sample1.clu	6.856285862	0.880786417	7362274158	129	2
C1	overlapping om4 `-2d -c` planted	new	2	-C -2d -N1 -c networks/columnar-benchmark/om/overlapping-memory-n256-om4-nc64-E100000-mu0.1-seed1.clu	6.850471471	0.994011875	9550069496	126	2
FAM	om4 `-2d --regularized -N1`	old	2	-C -2d --regularized -N1	7.556894677	1.077992875	9071272151	79	2
FAM	om4 `-2d --regularized -N1`	new	2	-C -2d --regularized -N1	7.535458803	1.412853583	10182447467	71	2
FAM	om4 `-d --regularized -N1`	old	2	-C -d --regularized -N1	7.556894677	1.400885584	11732664150	79	2
FAM	om4 `-d --regularized -N1`	new	2	-C -d --regularized -N1	7.535458803	1.39876825	12856508723	71	2
FAM	om4 planted, `-2d --no-infomap -c`	old	2	-C -2d -N1 --no-infomap -c networks/debug/Jelena/planted_partition_N256_om4_nc64_E100000_mu10_sample1.clu	6.880650147	0.118429708	1011263988	16	2
FAM	om4 planted, `-2d --no-infomap -c`	new	2	-C -2d -N1 --no-infomap -c networks/columnar-benchmark/om/overlapping-memory-n256-om4-nc64-E100000-mu0.1-seed1.clu	6.873858104	0.292015542	1016405228	16	2
F1	overlapping om4 `-d`	old	2	-C -F -d -N1	6.861732911	2.213937042	18447091992	139	2
F1	overlapping om4 `-d`	new	2	-C -F -d -N1	6.858825005	2.263685	16318843807	179	2
C1	overlapping om5 `-2d`	old	2	-C -2d -N1	6.868180827	1.867983792	17246914697	291	2
C1	overlapping om5 `-2d`	new	2	-C -2d -N1	6.948978287	1.681218625	15915103466	309	2
C1	overlapping om5 `-d`	old	2	-C -d -N1	7.812252898	0.843502833	7231093399	66	4
C1	overlapping om5 `-d`	new	2	-C -d -N1	7.795491139	0.985213333	7158994923	80	4
C1	overlapping om5 `-2d -c` planted	old	2	-C -2d -N1 -c networks/debug/Jelena/planted_partition_N256_om5_nc64_E100000_mu10_sample1.clu	6.857876353	1.044325125	9478798118	287	2
C1	overlapping om5 `-2d -c` planted	new	2	-C -2d -N1 -c networks/columnar-benchmark/om/overlapping-memory-n256-om5-nc64-E100000-mu0.1-seed1.clu	6.867718448	1.58302875	9883616133	290	2
FAM	om5 `-2d --regularized -N1`	old	2	-C -2d --regularized -N1	7.968629202	1.11158275	7817388643	79	2
FAM	om5 `-2d --regularized -N1`	new	2	-C -2d --regularized -N1	7.974202977	0.8118065	6151152866	93	2
FAM	om5 `-d --regularized -N1`	old	2	-C -d --regularized -N1	7.968629202	1.375714792	10469121143	79	2
FAM	om5 `-d --regularized -N1`	new	2	-C -d --regularized -N1	7.974202977	1.232694417	8828013877	93	2
FAM	om5 planted, `-2d --no-infomap -c`	old	2	-C -2d -N1 --no-infomap -c networks/debug/Jelena/planted_partition_N256_om5_nc64_E100000_mu10_sample1.clu	6.902222527	0.142188625	1082744285	20	2
FAM	om5 planted, `-2d --no-infomap -c`	new	2	-C -2d -N1 --no-infomap -c networks/columnar-benchmark/om/overlapping-memory-n256-om5-nc64-E100000-mu0.1-seed1.clu	6.911031376	0.19889975	1089669074	20	2
F1	overlapping om5 `-d`	old	2	-C -F -d -N1	7.798283664	0.806366541	5765158999	96	4
F1	overlapping om5 `-d`	new	2	-C -F -d -N1	7.829247983	0.622304209	4958139885	93	4
C1	overlapping om6 `-2d`	old	2	-C -2d -N1	6.884236095	2.012593791	16350451512	453	2
C1	overlapping om6 `-2d`	new	2	-C -2d -N1	6.894797134	1.819208083	15181624618	447	2
C1	overlapping om6 `-d`	old	2	-C -d -N1	7.440161581	0.883514083	7491895188	92	4
C1	overlapping om6 `-d`	new	2	-C -d -N1	7.478431518	0.842368792	7301196028	112	4
C1	overlapping om6 `-2d -c` planted	old	2	-C -2d -N1 -c networks/debug/Jelena/planted_partition_N256_om6_nc64_E100000_mu10_sample1.clu	6.873464257	1.217996042	11268713034	444	2
C1	overlapping om6 `-2d -c` planted	new	2	-C -2d -N1 -c networks/columnar-benchmark/om/overlapping-memory-n256-om6-nc64-E100000-mu0.1-seed1.clu	6.87656878	1.013770417	9699695421	430	2
FAM	om6 `-2d --regularized -N1`	old	2	-C -2d --regularized -N1	7.982650944	0.858807333	6056550279	105	2
FAM	om6 `-2d --regularized -N1`	new	2	-C -2d --regularized -N1	7.979716886	0.844734458	6674136855	121	2
FAM	om6 `-d --regularized -N1`	old	2	-C -d --regularized -N1	7.982650944	1.151988667	8708945908	105	2
FAM	om6 `-d --regularized -N1`	new	2	-C -d --regularized -N1	7.979716886	1.163888416	9316528585	121	2
FAM	om6 planted, `-2d --no-infomap -c`	old	2	-C -2d -N1 --no-infomap -c networks/debug/Jelena/planted_partition_N256_om6_nc64_E100000_mu10_sample1.clu	6.930934993	0.165537416	1122361396	24	2
FAM	om6 planted, `-2d --no-infomap -c`	new	2	-C -2d -N1 --no-infomap -c networks/columnar-benchmark/om/overlapping-memory-n256-om6-nc64-E100000-mu0.1-seed1.clu	6.936312189	0.133871583	1115527464	24	2
F1	overlapping om6 `-d`	old	2	-C -F -d -N1	7.507066407	0.735776125	5830122504	87	4
F1	overlapping om6 `-d`	new	2	-C -F -d -N1	7.546115138	0.622084083	4894059906	103	4
C1	overlapping om7 `-2d`	old	2	-C -2d -N1	6.889674586	2.455876083	17246232657	649	2
C1	overlapping om7 `-2d`	new	2	-C -2d -N1	6.889674586	1.999504791	17237674828	649	2
C1	overlapping om7 `-d`	old	2	-C -d -N1	7.192756466	0.892031167	7477944383	149	4
C1	overlapping om7 `-d`	new	2	-C -d -N1	7.192756466	0.982617209	7496634587	149	4
C1	overlapping om7 `-2d -c` planted	old	2	-C -2d -N1 -c networks/debug/Jelena/planted_partition_N256_om7_nc64_E100000_mu10_sample1.clu	6.881554086	1.1076085	9583939025	624	2
C1	overlapping om7 `-2d -c` planted	new	2	-C -2d -N1 -c networks/columnar-benchmark/om/overlapping-memory-n256-om7-nc64-E100000-mu0.1-seed1.clu	6.881554086	1.086322166	9589786225	624	2
FAM	om7 `-2d --regularized -N1`	old	2	-C -2d --regularized -N1	7.950842444	0.966174833	6366518891	168	2
FAM	om7 `-2d --regularized -N1`	new	2	-C -2d --regularized -N1	7.950842444	0.839300042	6362510572	168	2
FAM	om7 `-d --regularized -N1`	old	2	-C -d --regularized -N1	7.950842444	1.155635458	9090788537	168	2
FAM	om7 `-d --regularized -N1`	new	2	-C -d --regularized -N1	7.950842444	1.22303125	9096531625	168	2
FAM	om7 planted, `-2d --no-infomap -c`	old	2	-C -2d -N1 --no-infomap -c networks/debug/Jelena/planted_partition_N256_om7_nc64_E100000_mu10_sample1.clu	6.957516072	0.171859834	1268265107	28	2
FAM	om7 planted, `-2d --no-infomap -c`	new	2	-C -2d -N1 --no-infomap -c networks/columnar-benchmark/om/overlapping-memory-n256-om7-nc64-E100000-mu0.1-seed1.clu	6.957516072	0.171789041	1273819625	28	2
F1	overlapping om7 `-d`	old	2	-C -F -d -N1	7.238675817	0.719777084	5186644016	145	4
F1	overlapping om7 `-d`	new	2	-C -F -d -N1	7.238675817	0.739602958	5191356587	145	4
C1	overlapping om8 `-2d`	old	2	-C -2d -N1	6.894258582	2.187054834	17930661671	907	2
C1	overlapping om8 `-2d`	new	2	-C -2d -N1	6.876045079	2.175343208	18629275237	864	2
C1	overlapping om8 `-d`	old	2	-C -d -N1	6.967535764	1.075438708	7467399544	206	4
C1	overlapping om8 `-d`	new	2	-C -d -N1	6.938347922	0.9832665	7787991742	186	4
C1	overlapping om8 `-2d -c` planted	old	2	-C -2d -N1 -c networks/debug/Jelena/planted_partition_N256_om8_nc64_E100000_mu10_sample1.clu	6.875540042	1.3029925	11803930916	885	2
C1	overlapping om8 `-2d -c` planted	new	2	-C -2d -N1 -c networks/columnar-benchmark/om/overlapping-memory-n256-om8-nc64-E100000-mu0.1-seed1.clu	6.863878689	1.377920208	12226175232	829	2
FAM	om8 `-2d --regularized -N1`	old	2	-C -2d --regularized -N1	7.983599366	0.83920525	6167118644	216	2
FAM	om8 `-2d --regularized -N1`	new	2	-C -2d --regularized -N1	7.984638887	0.920409166	6153367977	203	2
FAM	om8 `-d --regularized -N1`	old	2	-C -d --regularized -N1	7.983599366	1.253828292	8868657117	216	2
FAM	om8 `-d --regularized -N1`	new	2	-C -d --regularized -N1	7.984638887	1.327940292	8816670552	203	2
FAM	om8 planted, `-2d --no-infomap -c`	old	2	-C -2d -N1 --no-infomap -c networks/debug/Jelena/planted_partition_N256_om8_nc64_E100000_mu10_sample1.clu	6.98103476	0.173609458	1187644188	32	2
FAM	om8 planted, `-2d --no-infomap -c`	new	2	-C -2d -N1 --no-infomap -c networks/columnar-benchmark/om/overlapping-memory-n256-om8-nc64-E100000-mu0.1-seed1.clu	6.966510195	0.15741975	1190830304	32	2
F1	overlapping om8 `-d`	old	2	-C -F -d -N1	7.022972054	0.73031925	5208074256	201	4
F1	overlapping om8 `-d`	new	2	-C -F -d -N1	7.007657776	0.767355958	6066229421	179	4
C1	overlapping om2 E100000 `-d`	old	2	-C -d -N1	7.144517469	0.476398084	4564485949	3	3
C1	overlapping om2 E100000 `-d`	new	2	-C -d -N1	7.144517469	0.511287959	4560938861	3	3
C1	overlapping om3 E50000 `-d`	old	2	-C -d -N1	5.854829799	0.460717625	4352017418	537	4
C1	overlapping om3 E50000 `-d`	new	2	-C -d -N1	5.854829799	0.524227292	4366107135	537	4
FAM	om3 E50000 `-2d --regularized -N1`	old	2	-C -2d --regularized -N1	7.925216272	0.662282084	5324114804	89	2
FAM	om3 E50000 `-2d --regularized -N1`	new	2	-C -2d --regularized -N1	7.925216272	0.6939095	5323792001	89	2
FAM	om3 E50000 `-d --regularized -N1`	old	2	-C -d --regularized -N1	7.925216272	0.863521583	6635920438	89	2
FAM	om3 E50000 `-d --regularized -N1`	new	2	-C -d --regularized -N1	7.925216272	0.831165209	6631373857	89	2
C1	overlapping om4 E50000 `-d`	old	2	-C -d -N1	4.898784516	0.553349875	4187515382	1867	3
C1	overlapping om4 E50000 `-d`	new	2	-C -d -N1	4.898784516	0.508578833	4187155824	1867	3
FAM	om4 E50000 `-2d --regularized -N1`	old	2	-C -2d --regularized -N1	7.92621405	0.894203417	6242558186	110	2
FAM	om4 E50000 `-2d --regularized -N1`	new	2	-C -2d --regularized -N1	7.92621405	0.800398208	6245717094	110	2
FAM	om4 E50000 `-d --regularized -N1`	old	2	-C -d --regularized -N1	7.92621405	1.079352208	7579062576	110	2
FAM	om4 E50000 `-d --regularized -N1`	new	2	-C -d --regularized -N1	7.92621405	1.124406083	7585382694	110	2
C1	overlapping om5 E50000 `-d`	old	2	-C -d -N1	4.1554786	0.645147875	5025208187	2156	4
C1	overlapping om5 E50000 `-d`	new	2	-C -d -N1	4.1554786	0.603045125	5017122498	2156	4
FAM	om5 E50000 `-2d --regularized -N1`	old	2	-C -2d --regularized -N1	7.956672505	0.874137	6324316127	101	2
FAM	om5 E50000 `-2d --regularized -N1`	new	2	-C -2d --regularized -N1	7.956672505	1.259708791	6338225829	101	2
FAM	om5 E50000 `-d --regularized -N1`	old	2	-C -d --regularized -N1	7.956672505	0.978564542	7659351143	101	2
FAM	om5 E50000 `-d --regularized -N1`	new	2	-C -d --regularized -N1	7.956672505	1.067538792	7669487586	101	2
C1	overlapping om6 E50000 `-d`	old	2	-C -d -N1	3.620157111	0.7458455	5956662784	3056	4
C1	overlapping om6 E50000 `-d`	new	2	-C -d -N1	3.620157111	0.776016875	5967869810	3056	4
FAM	om6 E50000 `-2d --regularized -N1`	old	2	-C -2d --regularized -N1	7.944047825	0.709103959	5185614064	94	2
FAM	om6 E50000 `-2d --regularized -N1`	new	2	-C -2d --regularized -N1	7.944047825	0.796829833	5193154530	94	2
FAM	om6 E50000 `-d --regularized -N1`	old	2	-C -d --regularized -N1	7.944047825	0.7317915	5586619251	94	2
FAM	om6 E50000 `-d --regularized -N1`	new	2	-C -d --regularized -N1	7.944047825	0.795337875	5589797866	94	2
C1	overlapping om7 E50000 `-d`	old	2	-C -d -N1	3.21639819	0.771737542	5578804233	3417	5
C1	overlapping om7 E50000 `-d`	new	2	-C -d -N1	3.21639819	0.751810541	5577411391	3417	5
FAM	om7 E50000 `-2d --regularized -N1`	old	2	-C -2d --regularized -N1	7.957532546	0.894036292	5795147734	112	2
FAM	om7 E50000 `-2d --regularized -N1`	new	2	-C -2d --regularized -N1	7.957532546	0.7547565	5797618498	112	2
FAM	om7 E50000 `-d --regularized -N1`	old	2	-C -d --regularized -N1	7.957532546	0.843584167	6198169887	112	2
FAM	om7 E50000 `-d --regularized -N1`	new	2	-C -d --regularized -N1	7.957532546	0.875680875	6205632812	112	2
C1	overlapping om8 E50000 `-d`	old	2	-C -d -N1	2.885785338	1.044213542	8119270561	4371	5
C1	overlapping om8 E50000 `-d`	new	2	-C -d -N1	2.885785338	1.009741292	8142311068	4371	5
FAM	om8 E50000 `-2d --regularized -N1`	old	2	-C -2d --regularized -N1	7.978376075	0.748798375	5196479362	77	2
FAM	om8 E50000 `-2d --regularized -N1`	new	2	-C -2d --regularized -N1	7.978376075	0.664941666	5200383886	77	2
FAM	om8 E50000 `-d --regularized -N1`	old	2	-C -d --regularized -N1	7.978376075	0.805456708	5562713049	77	2
FAM	om8 E50000 `-d --regularized -N1`	new	2	-C -d --regularized -N1	7.978376075	0.843715208	5563455288	77	2
C10	powergrid	old	1	-C -N10	4.712391773	0.250466375	2818143396	10	5
C10	powergrid	new	1	-C -N10	4.713040685	0.249666541	2821777796	6	5
L10	web-NotreDame	new	1	-C --non-redundant -N10 -d	6.18859115	21.12583875	182254533826	510	6
F10	air30k	new	1	-C -F -N10	5.39323549	3.397443125	35888317140	260	3
L10	air30k (meta)	new	1	-C --non-redundant -N10 --meta-data networks/columnar-benchmark/air30k_usstate.meta	7.228774064	9.069524625	83017775738	2236	3
FAM	om3 `-2d --regularized -N10`	old	1	-C -2d --regularized -N10	7.260835207	5.838417917	47994901100	29	2
FAM	om3 `-2d --regularized -N10`	new	1	-C -2d --regularized -N10	7.260835207	6.06487975	48028750660	29	2
C2_10	overlapping om5 `-2d`	old	1	-C -2d -N10	6.867301407	7.953302042	68405532071	303	2
C2_10	overlapping om5 `-2d`	new	1	-C -2d -N10	6.880795013	7.608767625	66808565354	283	2
C10	overlapping om7 `-d`	old	1	-C -d -N10	6.88945591	10.20947125	82770348912	666	2
C10	overlapping om7 `-d`	new	1	-C -d -N10	6.88945591	9.51016325	82810296573	666	2
F10	overlapping om8 `-d`	old	1	-C -F -d -N10	6.88742315	9.577870208	74816674526	919	2
F10	overlapping om8 `-d`	new	1	-C -F -d -N10	6.87278322	8.414109291	72335232403	868	2
FAM	om4 E50000 `-2d --regularized -N10`	old	1	-C -2d --regularized -N10	7.92621405	2.72770525	23032223056	110	2
FAM	om4 E50000 `-2d --regularized -N10`	new	1	-C -2d --regularized -N10	7.92621405	3.030267459	23061933547	110	2
FAM	om6 E50000 `-d --regularized -N10`	old	1	-C -d --regularized -N10	7.944047825	3.319968583	21649052411	94	2
FAM	om6 E50000 `-d --regularized -N10`	new	1	-C -d --regularized -N10	7.944047825	2.883362208	21637525698	94	2
C10	jazz	old	1	-C -N10	6.862755928	0.006911	135880419	6	2
C10	jazz	new	1	-C -N10	6.862755928	0.006597375	134421503	6	2
C2_10	malaria	old	1	-C -2 -N10	7.400445378	2.794350666	32285374003	168	2
C2_10	malaria	new	1	-C -2 -N10	7.400445378	2.835505625	32288772931	168	2
F10	air30k (reg.)	new	1	-C -F -N10 -d --regularized	5.578852599	3.415031125	35666945352	225	3
C10	overlapping om3 `-d`	old	1	-C -d -N10	6.822832994	5.55461275	59886478608	69	2
C10	overlapping om3 `-d`	new	1	-C -d -N10	6.822832994	5.552790708	59878803717	69	2
FAM	om5 `-2d --regularized -N10`	old	1	-C -2d --regularized -N10	7.968061942	4.981039708	43058580564	79	2
FAM	om5 `-2d --regularized -N10`	new	1	-C -2d --regularized -N10	7.973194647	4.805384041	40933399846	98	2
C2_10	overlapping om7 `-2d`	old	1	-C -2d -N10	6.88992089	7.8079315	69151405493	663	2
C2_10	overlapping om7 `-2d`	new	1	-C -2d -N10	6.88992089	7.864813041	69152573843	663	2
FAM	om2 E100000 `-2d --regularized -N10`	old	1	-C -2d --regularized -N10	6.950176925	3.748143	36750708926	9	2
FAM	om2 E100000 `-2d --regularized -N10`	new	1	-C -2d --regularized -N10	6.950176925	3.866010542	36758529440	9	2
FAM	om4 E50000 `-d --regularized -N10`	old	1	-C -d --regularized -N10	7.92621405	2.76265125	22938541545	110	2
FAM	om4 E50000 `-d --regularized -N10`	new	1	-C -d --regularized -N10	7.92621405	2.766798083	22943157401	110	2
C10	overlapping om6 E50000 `-d`	old	1	-C -d -N10	3.617750514	6.191840875	51873987190	3050	4
C10	overlapping om6 E50000 `-d`	new	1	-C -d -N10	3.617750514	6.03424775	51859238758	3050	4
C2_10	jazz	old	1	-C -2 -N10	6.861229775	0.006746334	135177543	6	2
C2_10	jazz	new	1	-C -2 -N10	6.861229775	0.0066685	133337188	6	2
F10	malaria	new	1	-C -F -N10	7.392442593	2.567807	30638573795	164	3
L10	air30k (reg.)	new	1	-C --non-redundant -N10 -d --regularized	5.571921279	3.829788791	40393702829	227	3
FAM	om2 `-d --regularized -N10`	old	1	-C -d --regularized -N10	7.548721547	2.530863041	23864526482	126	2
FAM	om2 `-d --regularized -N10`	new	1	-C -d --regularized -N10	7.53510563	2.441542459	23884694012	119	2
FAM	om4 `-2d --regularized -N10`	old	1	-C -2d --regularized -N10	7.556894677	5.455039625	48942169204	79	2
FAM	om4 `-2d --regularized -N10`	new	1	-C -2d --regularized -N10	7.534667081	5.436732959	48952163373	72	2
C2_10	overlapping om6 `-2d`	old	1	-C -2d -N10	6.88496897	7.653815209	68981473865	448	2
C2_10	overlapping om6 `-2d`	new	1	-C -2d -N10	6.893434836	7.603843833	68230547503	440	2
C10	overlapping om8 `-d`	old	1	-C -d -N10	6.88742315	9.654649917	86517412062	919	2
C10	overlapping om8 `-d`	new	1	-C -d -N10	6.87278322	9.676140875	86688262217	868	2
FAM	om3 E50000 `-2d --regularized -N10`	old	1	-C -2d --regularized -N10	7.925216272	2.550547	22515674097	89	2
FAM	om3 E50000 `-2d --regularized -N10`	new	1	-C -2d --regularized -N10	7.925216272	2.534703458	22522135181	89	2
FAM	om5 E50000 `-d --regularized -N10`	old	1	-C -d --regularized -N10	7.956672505	2.863104333	22636236339	101	2
FAM	om5 E50000 `-d --regularized -N10`	new	1	-C -d --regularized -N10	7.956672505	2.94292475	22646530076	101	2
C10	overlapping om7 E50000 `-d`	old	1	-C -d -N10	3.201872271	7.627670958	65400700698	3424	6
C10	overlapping om7 E50000 `-d`	new	1	-C -d -N10	3.201872271	7.571225792	65402928918	3424	6
O10	powergrid	oo	1	-N10	4.733338969	1.957216167	19989630718	10	7
O10	air30k	oo	1	-N10	5.391983421	12.138469958	124182444594	256	3
O2_10	jazz	oo	1	-2 -N10	6.862755928	0.011651291	180579921	6	2
O2_10	malaria	oo	1	-2 -N10	7.50595639	6.448792084	55225922343	142	2
C1	jazz	old	3	-C -N1	6.899367957	0.000916625	72728459	11	2
C1	jazz	new	3	-C -N1	6.896294162	0.000968333	70974729	10	2
C1	powergrid	old	3	-C -N1	4.730850312	0.025911666	365077057	12	5
C1	powergrid	new	3	-C -N1	4.729861209	0.026211959	361928406	17	5
C1	web-NotreDame	old	3	-C -N1 -d	5.556421705	2.447427375	24389366916	5	6
C1	web-NotreDame	new	3	-C -N1 -d	6.218856777	2.486839208	25075214947	399	5
C1	malaria	old	3	-C -N1	7.491980364	0.373565875	5304359817	148	3
C1	malaria	new	3	-C -N1	7.491980364	0.371113375	5301158326	148	3
C1	air30k	old	3	-C -N1	5.470440768	0.373832542	4545078852	242	3
C1	air30k	new	3	-C -N1	5.456991462	0.412007709	4703074125	203	3
C1	air30k (reg.)	old	3	-C -N1 -d --regularized	5.657913279	0.491914833	5871097315	197	3
C1	air30k (reg.)	new	3	-C -N1 -d --regularized	5.666386425	0.500036166	5641394107	203	3
C1	air30k (meta)	old	3	-C -N1 --meta-data networks/states/air2011/air30k_usstate.meta	7.546335898	0.89245475	9244414555	1614	3
C1	air30k (meta)	new	3	-C -N1 --meta-data networks/columnar-benchmark/air30k_usstate.meta	7.662468548	0.73762275	7670504427	1680	3
C1	overlapping om2 `-2d`	old	3	-C -2d -N1	6.739607071	1.299399125	14038472047	669	2
C1	overlapping om2 `-2d`	new	3	-C -2d -N1	6.744558723	1.197784042	13003939053	606	2
C1	overlapping om2 `-d`	old	3	-C -d -N1	7.29196634	0.381804959	3705102507	321	4
C1	overlapping om2 `-d`	new	3	-C -d -N1	7.295306496	0.368713583	3704882629	268	4
C1	overlapping om2 `-2d -c` planted	old	3	-C -2d -N1 -c networks/debug/Jelena/planted_partition_N256_om2_nc64_E50000_mu10_sample1.clu	6.744721993	0.58068125	6209603077	476	2
C1	overlapping om2 `-2d -c` planted	new	3	-C -2d -N1 -c networks/columnar-benchmark/om/overlapping-memory-n256-om2-nc64-E50000-mu0.1-seed1.clu	6.734990605	0.576251625	6330514915	454	2
FAM	om2 `-2d --regularized -N1`	old	3	-C -2d --regularized -N1	7.548863183	0.7385995	7215367743	121	2
FAM	om2 `-2d --regularized -N1`	new	3	-C -2d --regularized -N1	7.930395953	0.33780125	3126539052	107	2
FAM	om2 `-d --regularized -N1`	old	3	-C -d --regularized -N1	7.548863183	0.867795	8540653241	121	2
FAM	om2 `-d --regularized -N1`	new	3	-C -d --regularized -N1	7.930395953	0.493800917	4441848657	107	2
FAM	om2 planted, `-2d --no-infomap -c`	old	3	-C -2d -N1 --no-infomap -c networks/debug/Jelena/planted_partition_N256_om2_nc64_E50000_mu10_sample1.clu	6.789039995	0.055609208	587494030	8	2
FAM	om2 planted, `-2d --no-infomap -c`	new	3	-C -2d -N1 --no-infomap -c networks/columnar-benchmark/om/overlapping-memory-n256-om2-nc64-E50000-mu0.1-seed1.clu	6.778901842	0.055385167	587549378	8	2
F1	overlapping om2 `-d`	old	3	-C -F -d -N1	7.321678354	0.312423833	2573888385	436	4
F1	overlapping om2 `-d`	new	3	-C -F -d -N1	7.317528373	0.279675667	2573884897	338	4
C1	overlapping om3 `-2d`	old	3	-C -2d -N1	6.823562921	1.124949208	12931407381	70	2
C1	overlapping om3 `-2d`	new	3	-C -2d -N1	6.823562921	1.131920417	12935395956	70	2
C1	overlapping om3 `-d`	old	3	-C -d -N1	6.823562921	1.537413042	17015361284	70	2
C1	overlapping om3 `-d`	new	3	-C -d -N1	6.823562921	1.48305175	17008256591	70	2
C1	overlapping om3 `-2d -c` planted	old	3	-C -2d -N1 -c networks/debug/Jelena/planted_partition_N256_om3_nc64_E100000_mu10_sample1.clu	6.820929855	0.413195125	4275636835	50	2
C1	overlapping om3 `-2d -c` planted	new	3	-C -2d -N1 -c networks/columnar-benchmark/om/overlapping-memory-n256-om3-nc64-E100000-mu0.1-seed1.clu	6.820929855	0.398395709	4271563189	50	2
FAM	om3 `-2d --regularized -N1`	old	3	-C -2d --regularized -N1	7.261268486	0.913227417	9210406861	34	2
FAM	om3 `-2d --regularized -N1`	new	3	-C -2d --regularized -N1	7.261268486	0.9310295	9212325625	34	2
FAM	om3 `-d --regularized -N1`	old	3	-C -d --regularized -N1	7.261268486	1.159190208	11969709834	34	2
FAM	om3 `-d --regularized -N1`	new	3	-C -d --regularized -N1	7.261268486	1.188332333	11971727988	34	2
FAM	om3 planted, `-2d --no-infomap -c`	old	3	-C -2d -N1 --no-infomap -c networks/debug/Jelena/planted_partition_N256_om3_nc64_E100000_mu10_sample1.clu	6.837980937	0.098184625	927179194	12	2
FAM	om3 planted, `-2d --no-infomap -c`	new	3	-C -2d -N1 --no-infomap -c networks/columnar-benchmark/om/overlapping-memory-n256-om3-nc64-E100000-mu0.1-seed1.clu	6.837980937	0.094166083	926673266	12	2
F1	overlapping om3 `-d`	old	3	-C -F -d -N1	6.823562921	1.469100917	16553242510	70	2
F1	overlapping om3 `-d`	new	3	-C -F -d -N1	6.823562921	1.445108958	16555824226	70	2
C1	overlapping om4 `-2d`	old	3	-C -2d -N1	6.861732911	1.504898667	15743993772	139	2
C1	overlapping om4 `-2d`	new	3	-C -2d -N1	6.858825005	1.351800958	13456564388	179	2
C1	overlapping om4 `-d`	old	3	-C -d -N1	6.861732911	1.946630791	20725969497	139	2
C1	overlapping om4 `-d`	new	3	-C -d -N1	6.858825005	1.862884167	18751336551	179	2
C1	overlapping om4 `-2d -c` planted	old	3	-C -2d -N1 -c networks/debug/Jelena/planted_partition_N256_om4_nc64_E100000_mu10_sample1.clu	6.856285862	0.704769792	7347535186	129	2
C1	overlapping om4 `-2d -c` planted	new	3	-C -2d -N1 -c networks/columnar-benchmark/om/overlapping-memory-n256-om4-nc64-E100000-mu0.1-seed1.clu	6.850471471	0.898534417	9537883248	126	2
FAM	om4 `-2d --regularized -N1`	old	3	-C -2d --regularized -N1	7.556894677	0.968091583	9064296265	79	2
FAM	om4 `-2d --regularized -N1`	new	3	-C -2d --regularized -N1	7.535458803	1.105233375	10168707116	71	2
FAM	om4 `-d --regularized -N1`	old	3	-C -d --regularized -N1	7.556894677	1.218836959	11723970493	79	2
FAM	om4 `-d --regularized -N1`	new	3	-C -d --regularized -N1	7.535458803	1.308702792	12855361955	71	2
FAM	om4 planted, `-2d --no-infomap -c`	old	3	-C -2d -N1 --no-infomap -c networks/debug/Jelena/planted_partition_N256_om4_nc64_E100000_mu10_sample1.clu	6.880650147	0.113738417	1009344781	16	2
FAM	om4 planted, `-2d --no-infomap -c`	new	3	-C -2d -N1 --no-infomap -c networks/columnar-benchmark/om/overlapping-memory-n256-om4-nc64-E100000-mu0.1-seed1.clu	6.873858104	0.112158667	1011931136	16	2
F1	overlapping om4 `-d`	old	3	-C -F -d -N1	6.861732911	1.73988725	18430786679	139	2
F1	overlapping om4 `-d`	new	3	-C -F -d -N1	6.858825005	1.580844333	16301472681	179	2
C1	overlapping om5 `-2d`	old	3	-C -2d -N1	6.868180827	1.72584925	17240296326	291	2
C1	overlapping om5 `-2d`	new	3	-C -2d -N1	6.948978287	1.644109166	15909400586	309	2
C1	overlapping om5 `-d`	old	3	-C -d -N1	7.812252898	0.758248584	7224475495	66	4
C1	overlapping om5 `-d`	new	3	-C -d -N1	7.795491139	0.749469542	7143789115	80	4
C1	overlapping om5 `-2d -c` planted	old	3	-C -2d -N1 -c networks/debug/Jelena/planted_partition_N256_om5_nc64_E100000_mu10_sample1.clu	6.857876353	0.921345792	9466796758	287	2
C1	overlapping om5 `-2d -c` planted	new	3	-C -2d -N1 -c networks/columnar-benchmark/om/overlapping-memory-n256-om5-nc64-E100000-mu0.1-seed1.clu	6.867718448	0.947362458	9840272617	290	2
FAM	om5 `-2d --regularized -N1`	old	3	-C -2d --regularized -N1	7.968629202	0.888882958	7798241239	79	2
FAM	om5 `-2d --regularized -N1`	new	3	-C -2d --regularized -N1	7.974202977	0.717558167	6149307009	93	2
FAM	om5 `-d --regularized -N1`	old	3	-C -d --regularized -N1	7.968629202	1.1799955	10460216329	79	2
FAM	om5 `-d --regularized -N1`	new	3	-C -d --regularized -N1	7.974202977	0.961555125	8813486717	93	2
FAM	om5 planted, `-2d --no-infomap -c`	old	3	-C -2d -N1 --no-infomap -c networks/debug/Jelena/planted_partition_N256_om5_nc64_E100000_mu10_sample1.clu	6.902222527	0.136692458	1081129886	20	2
FAM	om5 planted, `-2d --no-infomap -c`	new	3	-C -2d -N1 --no-infomap -c networks/columnar-benchmark/om/overlapping-memory-n256-om5-nc64-E100000-mu0.1-seed1.clu	6.911031376	0.11678175	1081419879	20	2
F1	overlapping om5 `-d`	old	3	-C -F -d -N1	7.798283664	0.712338083	5760590606	96	4
F1	overlapping om5 `-d`	new	3	-C -F -d -N1	7.829247983	0.554971166	4950346235	93	4
C1	overlapping om6 `-2d`	old	3	-C -2d -N1	6.884236095	1.696100375	16340549337	453	2
C1	overlapping om6 `-2d`	new	3	-C -2d -N1	6.894797134	1.563843292	15162762944	447	2
C1	overlapping om6 `-d`	old	3	-C -d -N1	7.440161581	0.803935	7473550413	92	4
C1	overlapping om6 `-d`	new	3	-C -d -N1	7.478431518	0.783224459	7297173197	112	4
C1	overlapping om6 `-2d -c` planted	old	3	-C -2d -N1 -c networks/debug/Jelena/planted_partition_N256_om6_nc64_E100000_mu10_sample1.clu	6.873464257	1.113420542	11254171224	444	2
C1	overlapping om6 `-2d -c` planted	new	3	-C -2d -N1 -c networks/columnar-benchmark/om/overlapping-memory-n256-om6-nc64-E100000-mu0.1-seed1.clu	6.87656878	0.967679	9690190092	430	2
FAM	om6 `-2d --regularized -N1`	old	3	-C -2d --regularized -N1	7.982650944	0.726701084	6044749454	105	2
FAM	om6 `-2d --regularized -N1`	new	3	-C -2d --regularized -N1	7.979716886	0.78310125	6665803992	121	2
FAM	om6 `-d --regularized -N1`	old	3	-C -d --regularized -N1	7.982650944	0.988680667	8687743420	105	2
FAM	om6 `-d --regularized -N1`	new	3	-C -d --regularized -N1	7.979716886	1.0737545	9309506327	121	2
FAM	om6 planted, `-2d --no-infomap -c`	old	3	-C -2d -N1 --no-infomap -c networks/debug/Jelena/planted_partition_N256_om6_nc64_E100000_mu10_sample1.clu	6.930934993	0.137071333	1119404889	24	2
FAM	om6 planted, `-2d --no-infomap -c`	new	3	-C -2d -N1 --no-infomap -c networks/columnar-benchmark/om/overlapping-memory-n256-om6-nc64-E100000-mu0.1-seed1.clu	6.936312189	0.127104375	1112176364	24	2
F1	overlapping om6 `-d`	old	3	-C -F -d -N1	7.507066407	0.679452416	5824676742	87	4
F1	overlapping om6 `-d`	new	3	-C -F -d -N1	7.546115138	0.561769	4886858585	103	4
C1	overlapping om7 `-2d`	old	3	-C -2d -N1	6.889674586	1.824524584	17230218433	649	2
C1	overlapping om7 `-2d`	new	3	-C -2d -N1	6.889674586	1.803356875	17227131875	649	2
C1	overlapping om7 `-d`	old	3	-C -d -N1	7.192756466	0.819953708	7472368542	149	4
C1	overlapping om7 `-d`	new	3	-C -d -N1	7.192756466	0.805915458	7477626357	149	4
C1	overlapping om7 `-2d -c` planted	old	3	-C -2d -N1 -c networks/debug/Jelena/planted_partition_N256_om7_nc64_E100000_mu10_sample1.clu	6.881554086	1.055032041	9574188304	624	2
C1	overlapping om7 `-2d -c` planted	new	3	-C -2d -N1 -c networks/columnar-benchmark/om/overlapping-memory-n256-om7-nc64-E100000-mu0.1-seed1.clu	6.881554086	0.969356125	9574605778	624	2
FAM	om7 `-2d --regularized -N1`	old	3	-C -2d --regularized -N1	7.950842444	0.791714458	6354397029	168	2
FAM	om7 `-2d --regularized -N1`	new	3	-C -2d --regularized -N1	7.950842444	0.74133225	6359550800	168	2
FAM	om7 `-d --regularized -N1`	old	3	-C -d --regularized -N1	7.950842444	1.033794042	9081928480	168	2
FAM	om7 `-d --regularized -N1`	new	3	-C -d --regularized -N1	7.950842444	1.038245375	9087254926	168	2
FAM	om7 planted, `-2d --no-infomap -c`	old	3	-C -2d -N1 --no-infomap -c networks/debug/Jelena/planted_partition_N256_om7_nc64_E100000_mu10_sample1.clu	6.957516072	0.165526958	1265532438	28	2
FAM	om7 planted, `-2d --no-infomap -c`	new	3	-C -2d -N1 --no-infomap -c networks/columnar-benchmark/om/overlapping-memory-n256-om7-nc64-E100000-mu0.1-seed1.clu	6.957516072	0.14482175	1267884823	28	2
F1	overlapping om7 `-d`	old	3	-C -F -d -N1	7.238675817	0.611240625	5180649031	145	4
F1	overlapping om7 `-d`	new	3	-C -F -d -N1	7.238675817	0.600761209	5182461431	145	4
C1	overlapping om8 `-2d`	old	3	-C -2d -N1	6.894258582	2.02192525	17919305212	907	2
C1	overlapping om8 `-2d`	new	3	-C -2d -N1	6.876045079	1.992881708	18618102520	864	2
C1	overlapping om8 `-d`	old	3	-C -d -N1	6.967535764	0.831385125	7457254664	206	4
C1	overlapping om8 `-d`	new	3	-C -d -N1	6.938347922	0.829712625	7781809703	186	4
C1	overlapping om8 `-2d -c` planted	old	3	-C -2d -N1 -c networks/debug/Jelena/planted_partition_N256_om8_nc64_E100000_mu10_sample1.clu	6.875540042	1.26153325	11797819844	885	2
C1	overlapping om8 `-2d -c` planted	new	3	-C -2d -N1 -c networks/columnar-benchmark/om/overlapping-memory-n256-om8-nc64-E100000-mu0.1-seed1.clu	6.863878689	1.288836625	12222185897	829	2
FAM	om8 `-2d --regularized -N1`	old	3	-C -2d --regularized -N1	7.983599366	0.763396	6160835386	216	2
FAM	om8 `-2d --regularized -N1`	new	3	-C -2d --regularized -N1	7.984638887	0.748968167	6143392241	203	2
FAM	om8 `-d --regularized -N1`	old	3	-C -d --regularized -N1	7.983599366	1.026053417	8853663476	216	2
FAM	om8 `-d --regularized -N1`	new	3	-C -d --regularized -N1	7.984638887	0.996201	8800851973	203	2
FAM	om8 planted, `-2d --no-infomap -c`	old	3	-C -2d -N1 --no-infomap -c networks/debug/Jelena/planted_partition_N256_om8_nc64_E100000_mu10_sample1.clu	6.98103476	0.146030542	1181890902	32	2
FAM	om8 planted, `-2d --no-infomap -c`	new	3	-C -2d -N1 --no-infomap -c networks/columnar-benchmark/om/overlapping-memory-n256-om8-nc64-E100000-mu0.1-seed1.clu	6.966510195	0.138440292	1186089107	32	2
F1	overlapping om8 `-d`	old	3	-C -F -d -N1	7.022972054	0.606281625	5191948372	201	4
F1	overlapping om8 `-d`	new	3	-C -F -d -N1	7.007657776	0.730285958	6065393662	179	4
C1	overlapping om2 E100000 `-d`	old	3	-C -d -N1	7.144517469	0.430869667	4551238320	3	3
C1	overlapping om2 E100000 `-d`	new	3	-C -d -N1	7.144517469	0.431696708	4551338366	3	3
C1	overlapping om3 E50000 `-d`	old	3	-C -d -N1	5.854829799	0.441607791	4351857127	537	4
C1	overlapping om3 E50000 `-d`	new	3	-C -d -N1	5.854829799	0.47326475	4356974138	537	4
FAM	om3 E50000 `-2d --regularized -N1`	old	3	-C -2d --regularized -N1	7.925216272	0.601553083	5314071903	89	2
FAM	om3 E50000 `-2d --regularized -N1`	new	3	-C -2d --regularized -N1	7.925216272	0.660806708	5321380503	89	2
FAM	om3 E50000 `-d --regularized -N1`	old	3	-C -d --regularized -N1	7.925216272	0.74138475	6629031830	89	2
FAM	om3 E50000 `-d --regularized -N1`	new	3	-C -d --regularized -N1	7.925216272	0.738541833	6631904453	89	2
C1	overlapping om4 E50000 `-d`	old	3	-C -d -N1	4.898784516	0.448435458	4173368761	1867	3
C1	overlapping om4 E50000 `-d`	new	3	-C -d -N1	4.898784516	0.441480375	4176701683	1867	3
FAM	om4 E50000 `-2d --regularized -N1`	old	3	-C -2d --regularized -N1	7.92621405	0.745521625	6231096624	110	2
FAM	om4 E50000 `-2d --regularized -N1`	new	3	-C -2d --regularized -N1	7.92621405	0.726887666	6228958930	110	2
FAM	om4 E50000 `-d --regularized -N1`	old	3	-C -d --regularized -N1	7.92621405	0.880464375	7563296400	110	2
FAM	om4 E50000 `-d --regularized -N1`	new	3	-C -d --regularized -N1	7.92621405	0.922526708	7568552694	110	2
C1	overlapping om5 E50000 `-d`	old	3	-C -d -N1	4.1554786	0.55175375	5023929329	2156	4
C1	overlapping om5 E50000 `-d`	new	3	-C -d -N1	4.1554786	0.545757583	5009515287	2156	4
FAM	om5 E50000 `-2d --regularized -N1`	old	3	-C -2d --regularized -N1	7.956672505	0.795323583	6319539198	101	2
FAM	om5 E50000 `-2d --regularized -N1`	new	3	-C -2d --regularized -N1	7.956672505	0.74884275	6324215937	101	2
FAM	om5 E50000 `-d --regularized -N1`	old	3	-C -d --regularized -N1	7.956672505	0.897960417	7654736065	101	2
FAM	om5 E50000 `-d --regularized -N1`	new	3	-C -d --regularized -N1	7.956672505	0.891599541	7651551087	101	2
C1	overlapping om6 E50000 `-d`	old	3	-C -d -N1	3.620157111	0.686824416	5960379789	3056	4
C1	overlapping om6 E50000 `-d`	new	3	-C -d -N1	3.620157111	0.668174708	5946577549	3056	4
FAM	om6 E50000 `-2d --regularized -N1`	old	3	-C -2d --regularized -N1	7.944047825	0.63195325	5178480585	94	2
FAM	om6 E50000 `-2d --regularized -N1`	new	3	-C -2d --regularized -N1	7.944047825	0.648958708	5184712220	94	2
FAM	om6 E50000 `-d --regularized -N1`	old	3	-C -d --regularized -N1	7.944047825	0.685582458	5577094756	94	2
FAM	om6 E50000 `-d --regularized -N1`	new	3	-C -d --regularized -N1	7.944047825	0.693118291	5580844914	94	2
C1	overlapping om7 E50000 `-d`	old	3	-C -d -N1	3.21639819	0.640559666	5568394473	3417	5
C1	overlapping om7 E50000 `-d`	new	3	-C -d -N1	3.21639819	0.630397167	5570121735	3417	5
FAM	om7 E50000 `-2d --regularized -N1`	old	3	-C -2d --regularized -N1	7.957532546	0.711400875	5789797668	112	2
FAM	om7 E50000 `-2d --regularized -N1`	new	3	-C -2d --regularized -N1	7.957532546	0.700670125	5796123005	112	2
FAM	om7 E50000 `-d --regularized -N1`	old	3	-C -d --regularized -N1	7.957532546	0.840796	6195523035	112	2
FAM	om7 E50000 `-d --regularized -N1`	new	3	-C -d --regularized -N1	7.957532546	0.764232542	6197330408	112	2
C1	overlapping om8 E50000 `-d`	old	3	-C -d -N1	2.885785338	0.9240075	8106827788	4371	5
C1	overlapping om8 E50000 `-d`	new	3	-C -d -N1	2.885785338	0.911604875	8113304185	4371	5
FAM	om8 E50000 `-2d --regularized -N1`	old	3	-C -2d --regularized -N1	7.978376075	0.656732167	5185276096	77	2
FAM	om8 E50000 `-2d --regularized -N1`	new	3	-C -2d --regularized -N1	7.978376075	0.630114875	5184788133	77	2
FAM	om8 E50000 `-d --regularized -N1`	old	3	-C -d --regularized -N1	7.978376075	0.690279333	5546168644	77	2
FAM	om8 E50000 `-d --regularized -N1`	new	3	-C -d --regularized -N1	7.978376075	0.677300417	5549878110	77	2
L10	powergrid	new	1	-C --non-redundant -N10	4.50699368	0.252595458	2951799789	3	6
C10	malaria	old	1	-C -N10	7.392442593	2.639962417	31470210318	164	3
C10	malaria	new	1	-C -N10	7.392442593	2.676829083	31475312306	164	3
C2_10	air30k (reg.)	old	1	-C -2 -N10 -d --regularized	5.571539329	3.887163042	41218009078	304	2
C2_10	air30k (reg.)	new	1	-C -2 -N10 -d --regularized	5.57079319	3.864351292	40831455491	305	2
C2_10	overlapping om2 `-2d`	old	1	-C -2d -N10	6.740761645	3.6139045	35614239292	625	2
C2_10	overlapping om2 `-2d`	new	1	-C -2d -N10	6.752836583	3.339389167	33140595600	536	2
C10	overlapping om4 `-d`	old	1	-C -d -N10	6.866901786	8.011608	60726237996	173	2
C10	overlapping om4 `-d`	new	1	-C -d -N10	6.860084625	6.198033167	61282435249	176	2
F10	overlapping om5 `-d`	old	1	-C -F -d -N10	6.867301407	5.709853041	54293850903	303	2
F10	overlapping om5 `-d`	new	1	-C -F -d -N10	6.880795013	5.55064625	53813329042	283	2
FAM	om7 `-d --regularized -N10`	old	1	-C -d --regularized -N10	7.948827768	4.933670584	41185469795	166	2
FAM	om7 `-d --regularized -N10`	new	1	-C -d --regularized -N10	7.948827768	4.935368	41196808870	166	2
C10	overlapping om2 E100000 `-d`	old	1	-C -d -N10	6.773456578	3.3063155	33290091499	60	2
C10	overlapping om2 E100000 `-d`	new	1	-C -d -N10	6.773456578	3.273097541	33285536168	60	2
C2_10	overlapping om4 E50000 `-2d`	old	1	-C -2d -N10	5.454385527	6.900497958	33841246382	4381	2
C2_10	overlapping om4 E50000 `-2d`	new	1	-C -2d -N10	5.454385527	4.590055917	33747810655	4381	2
C2_10	overlapping om7 E50000 `-2d`	old	1	-C -2d -N10	4.143277395	4.985072375	31214525497	7097	2
C2_10	overlapping om7 E50000 `-2d`	new	1	-C -2d -N10	4.143277395	4.705508917	31195203484	7097	2
L10	jazz	new	1	-C --non-redundant -N10	6.858483287	0.006785208	135398233	6	2
C10	air30k	old	1	-C -N10	5.392285003	3.608341792	38594048461	257	3
C10	air30k	new	1	-C -N10	5.39323549	3.562134167	38589097755	260	3
C2_10	air30k (meta)	old	1	-C -2 -N10 --meta-data networks/states/air2011/air30k_usstate.meta	7.424143707	10.747392833	104522353346	2237	2
C2_10	air30k (meta)	new	1	-C -2 -N10 --meta-data networks/columnar-benchmark/air30k_usstate.meta	7.416311014	10.505504708	102940324178	2331	2
C2_10	overlapping om4 `-2d`	old	1	-C -2d -N10	6.866901786	7.331753167	70647038869	173	2
C2_10	overlapping om4 `-2d`	new	1	-C -2d -N10	6.859843831	7.454258459	71665165100	173	2
C10	overlapping om6 `-d`	old	1	-C -d -N10	6.88496897	8.928901	81295483962	448	2
C10	overlapping om6 `-d`	new	1	-C -d -N10	6.892138569	8.621706542	79568879453	431	2
F10	overlapping om7 `-d`	old	1	-C -F -d -N10	6.88945591	8.428349208	69741250580	666	2
F10	overlapping om7 `-d`	new	1	-C -F -d -N10	6.88945591	8.055863916	69742256585	666	2
C2_10	overlapping om2 E100000 `-2d`	old	1	-C -2d -N10	6.773456578	3.979347875	37780420880	60	2
C2_10	overlapping om2 E100000 `-2d`	new	1	-C -2d -N10	6.773456578	4.006905208	37793577568	60	2
FAM	om5 E50000 `-2d --regularized -N10`	old	1	-C -2d --regularized -N10	7.956672505	2.911565708	23284700612	101	2
FAM	om5 E50000 `-2d --regularized -N10`	new	1	-C -2d --regularized -N10	7.956672505	2.790151333	23273789573	101	2
FAM	om8 E50000 `-2d --regularized -N10`	old	1	-C -2d --regularized -N10	7.978376075	3.035277875	22640733810	77	2
FAM	om8 E50000 `-2d --regularized -N10`	new	1	-C -2d --regularized -N10	7.978376075	2.878298041	22633793825	77	2
F10	powergrid	new	1	-C -F -N10	4.752564739	0.150101292	1773427334	15	5
C2_10	air30k	old	1	-C -2 -N10	5.393055049	3.916551375	41753161339	334	2
C2_10	air30k	new	1	-C -2 -N10	5.39136505	3.697555709	42442579696	336	2
F10	air30k (meta)	new	1	-C -F -N10 --meta-data networks/columnar-benchmark/air30k_usstate.meta	7.414540615	8.983719792	90069711258	2238	3
C2_10	overlapping om3 `-2d`	old	1	-C -2d -N10	6.822832994	6.879207333	77273000147	69	2
C2_10	overlapping om3 `-2d`	new	1	-C -2d -N10	6.822832994	6.917373875	77261012895	69	2
C10	overlapping om5 `-d`	old	1	-C -d -N10	6.867301407	6.375138167	59005805739	303	2
C10	overlapping om5 `-d`	new	1	-C -d -N10	6.880795013	6.215186833	58641510359	283	2
F10	overlapping om6 `-d`	old	1	-C -F -d -N10	6.88496897	7.584604375	66641952166	448	2
F10	overlapping om6 `-d`	new	1	-C -F -d -N10	6.892138569	7.198943625	65468339331	431	2
FAM	om8 `-d --regularized -N10`	old	1	-C -d --regularized -N10	7.978630877	5.04346425	41334650387	236	2
FAM	om8 `-d --regularized -N10`	new	1	-C -d --regularized -N10	7.985651781	4.912982875	40618539436	203	2
C2_10	overlapping om3 E50000 `-2d`	old	1	-C -2d -N10	6.258611497	4.428771166	36808927250	3236	2
C2_10	overlapping om3 E50000 `-2d`	new	1	-C -2d -N10	6.258611497	4.369131875	36804919335	3236	2
FAM	om6 E50000 `-2d --regularized -N10`	old	1	-C -2d --regularized -N10	7.944047825	2.737312333	21855575353	94	2
FAM	om6 E50000 `-2d --regularized -N10`	new	1	-C -2d --regularized -N10	7.944047825	2.764837958	21862851555	94	2
FAM	om8 E50000 `-d --regularized -N10`	old	1	-C -d --regularized -N10	7.978376075	2.865931333	21835022838	77	2
FAM	om8 E50000 `-d --regularized -N10`	new	1	-C -d --regularized -N10	7.978376075	2.858660292	21840211695	77	2
O10	web-NotreDame	oo	1	-N10 -d	6.176776443	169.060064041	1217718799017	505	9
O10	air30k (reg.)	oo	1	-N10 -d --regularized	5.57096117	6.864622459	73571690202	303	3
O2_10	powergrid	oo	1	-2 -N10	5.599608906	0.538252875	5594479357	413	2
O2_10	air30k	oo	1	-2 -N10	5.393899751	4.393559375	42131866726	328	2
C2_10	powergrid	old	1	-C -2 -N10	5.63729688	0.133645875	1152721021	419	2
C2_10	powergrid	new	1	-C -2 -N10	5.634871397	0.211913333	1164831468	419	2
FAM	om3 `-d --regularized -N10`	old	1	-C -d --regularized -N10	7.260835207	4.944813041	45062963830	29	2
FAM	om3 `-d --regularized -N10`	new	1	-C -d --regularized -N10	7.260835207	4.779059083	45061807264	29	2
FAM	om7 E50000 `-2d --regularized -N10`	old	1	-C -2d --regularized -N10	7.957532546	3.130642	23283750799	112	2
FAM	om7 E50000 `-2d --regularized -N10`	new	1	-C -2d --regularized -N10	7.957532546	2.992117167	23280441059	112	2
FAM	om7 E50000 `-d --regularized -N10`	old	1	-C -d --regularized -N10	7.957532546	3.1653075	22373313276	112	2
FAM	om7 E50000 `-d --regularized -N10`	new	1	-C -d --regularized -N10	7.957532546	3.094834	22372910915	112	2
C2_10	powergrid	old	2	-C -2 -N10	5.63729688	0.099140375	1149282460	419	2
C2_10	powergrid	new	2	-C -2 -N10	5.634871397	0.121308833	1164534172	419	2
FAM	om4 E50000 `-2d --regularized -N10`	old	2	-C -2d --regularized -N10	7.92621405	2.836394042	23034423522	110	2
FAM	om4 E50000 `-2d --regularized -N10`	new	2	-C -2d --regularized -N10	7.92621405	2.784161458	23041757290	110	2
C2_10	powergrid	old	3	-C -2 -N10	5.63729688	0.123098666	1150239457	419	2
C2_10	powergrid	new	3	-C -2 -N10	5.634871397	0.103471333	1163653187	419	2
FAM	om4 E50000 `-2d --regularized -N10`	old	3	-C -2d --regularized -N10	7.92621405	2.902919083	23036791056	110	2
FAM	om4 E50000 `-2d --regularized -N10`	new	3	-C -2d --regularized -N10	7.92621405	2.763717959	23035668070	110	2
C2_10	powergrid	old	4	-C -2 -N10	5.63729688	0.101040958	1149668671	419	2
C2_10	powergrid	new	4	-C -2 -N10	5.634871397	0.101356458	1163105244	419	2
FAM	om4 E50000 `-2d --regularized -N10`	old	4	-C -2d --regularized -N10	7.92621405	2.948737709	23045469298	110	2
FAM	om4 E50000 `-2d --regularized -N10`	new	4	-C -2d --regularized -N10	7.92621405	2.827975917	23034718189	110	2
BENCH-DONE
